id,run,Source_Carrier,tech,aStatus,AddRmvMod,RelTYPE_name,RelTYPE_name_simple,SOURCE_type,NEIGHBOUR_type,RelTYPE_ADJ,CellType_1,CellType_2,CellType_3,CellType_4,CellType_5,CellType_6,CellType_7,CellType_8,CellType_9,CellType_10,CellType_11,CellType_12,CellType_13,CellType_14,CellType_15,CellType_16,CellType_17,CellType_18,CellType_19,CellType_20,MMLString_First,MMLValueName_First,MMLString_Second,MMLValueName_Second,MMLString_Third,MMLValueName_Third,MMLString_Fourth,MMLValueName_Fourth,MMLString_Fifth,MMLValueName_Fifth,MMLString_Sixth,MMLValueName_Sixth,MMLString_Seventh,MMLValueName_Seventh,MMLString_Eighth,MMLValueName_Eighth,MMLString_Ninth,MMLValueName_Ninth,MMLString_Tenth,MMLValueName_Tenth,BHO,SIB11Ind,IdleQoffset1sn_or_Qoffset1sn,IdleQoffset2sn_or_Qrxlevmin,SIB12Ind,HOCovPrio_or_BlindHOPrio,BlindHOQualityCondition,DRDEcN0Threshhold,DrdOrLdrFlag,MBDRFLAG
1,1,U21f1,UMTS,CREATE,RMV,UMTS - RMV INTER - U21f1 -> U21f3 - ADJ CELL,RMV INTER - U21f1 -> U21f3,U21-1,U21-3,ADJ CELL,U09-1,U21-1,U09-1 U21-1,U21-1 U21-2,U09-1 U21-1 U21-2,U09-1 U21-2 U21-3,U21-1 U21-2 U21-3,U09-1 U21-1 U21-2 U21-3,U09-1 U21-1 L18-1,U09-1 U21-1 U21-2 L18-1,U09-1 U21-1 U21-2 U21-3 L18-1,,,,,,,,,,UINTERFREQNCELL: RNCId=,RNC_ID,", CellId=",U21f1_CID,", NCellRncId=",nRNC_ID,", NCellId=",nU21f3_CID,;,,{,RNC,},,,,,,,,,,,,,,,,,
2,1,U21f1,UMTS,IGNORE,RMV,UMTS - RMV INTER - U21f1 -> U21f3 - CO SECTOR,RMV INTER - U21f1 -> U21f3,U21-1,U21-3,CO SECTOR,U09-1,U21-1,U09-1 U21-1,U21-1 U21-2,U09-1 U21-1 U21-2,U09-1 U21-2 U21-3,U21-1 U21-2 U21-3,U09-1 U21-1 U21-2 U21-3,U09-1 U21-1 L18-1,U09-1 U21-1 U21-2 L18-1,U09-1 U21-1 U21-2 U21-3 L18-1,,,,,,,,,,UINTERFREQNCELL: RNCId=,RNC_ID,", CellId=",U21f1_CID,", NCellRncId=",nRNC_ID,", NCellId=",nU21f3_CID,;,,{,RNC,},,,,,,,,,,,,,,,,,
3,1,U21f2,UMTS,CREATE,RMV,UMTS - RMV INTER - U21f2 -> U21f1 - ADJ CELL,RMV INTER - U21f2 -> U21f1,U21-2,U21-1,ADJ CELL,U09-1,U21-1,U09-1 U21-1,U21-1 U21-2,U09-1 U21-1 U21-2,U09-1 U21-2 U21-3,U21-1 U21-2 U21-3,U09-1 U21-1 U21-2 U21-3,U09-1 U21-1 L18-1,U09-1 U21-1 U21-2 L18-1,U09-1 U21-1 U21-2 U21-3 L18-1,,,,,,,,,,UINTERFREQNCELL: RNCId=,RNC_ID,", CellId=",U21f2_CID,", NCellRncId=",nRNC_ID,", NCellId=",nU21f1_CID,;,,{,RNC,},,,,,,,,,,,,,,,,,
4,1,U21f2,UMTS,IGNORE,RMV,UMTS - RMV INTER - U21f2 -> U21f1 - CO SECTOR,RMV INTER - U21f2 -> U21f1,U21-2,U21-1,CO SECTOR,U09-1,U21-1,U09-1 U21-1,U21-1 U21-2,U09-1 U21-1 U21-2,U09-1 U21-2 U21-3,U21-1 U21-2 U21-3,U09-1 U21-1 U21-2 U21-3,U09-1 U21-1 L18-1,U09-1 U21-1 U21-2 L18-1,U09-1 U21-1 U21-2 U21-3 L18-1,,,,,,,,,,UINTERFREQNCELL: RNCId=,RNC_ID,", CellId=",U21f2_CID,", NCellRncId=",nRNC_ID,", NCellId=",nU21f1_CID,;,,{,RNC,},,,,,,,,,,,,,,,,,
5,1,U21f3,UMTS,CREATE,RMV,UMTS - RMV INTER - U21f3 -> U21f2 - ADJ CELL,RMV INTER - U21f3 -> U21f2,U21-3,U21-2,ADJ CELL,U09-1,U21-1,U09-1 U21-1,U21-1 U21-2,U09-1 U21-1 U21-2,U09-1 U21-2 U21-3,U21-1 U21-2 U21-3,U09-1 U21-1 U21-2 U21-3,U09-1 U21-1 L18-1,U09-1 U21-1 U21-2 L18-1,U09-1 U21-1 U21-2 U21-3 L18-1,,,,,,,,,,UINTERFREQNCELL: RNCId=,RNC_ID,", CellId=",U21f3_CID,", NCellRncId=",nRNC_ID,", NCellId=",nU21f2_CID,;,,{,RNC,},,,,,,,,,,,,,,,,,
6,1,U21f3,UMTS,IGNORE,RMV,UMTS - RMV INTER - U21f3 -> U21f2 - CO SECTOR,RMV INTER - U21f3 -> U21f2,U21-3,U21-2,CO SECTOR,U09-1,U21-1,U09-1 U21-1,U21-1 U21-2,U09-1 U21-1 U21-2,U09-1 U21-2 U21-3,U21-1 U21-2 U21-3,U09-1 U21-1 U21-2 U21-3,U09-1 U21-1 L18-1,U09-1 U21-1 U21-2 L18-1,U09-1 U21-1 U21-2 U21-3 L18-1,,,,,,,,,,UINTERFREQNCELL: RNCId=,RNC_ID,", CellId=",U21f3_CID,", NCellRncId=",nRNC_ID,", NCellId=",nU21f2_CID,;,,{,RNC,},,,,,,,,,,,,,,,,,
7,1,U9,UMTS,CREATE,RMV,UMTS - RMV INTER - U9 -> U21f3 - ADJ CELL,RMV INTER - U9 -> U21f3,U09-1,U21-3,ADJ CELL,U09-1,U21-1,U09-1 U21-1,U21-1 U21-2,U09-1 U21-1 U21-2,U09-1 U21-2 U21-3,U21-1 U21-2 U21-3,U09-1 U21-1 U21-2 U21-3,U09-1 U21-1 L18-1,U09-1 U21-1 U21-2 L18-1,U09-1 U21-1 U21-2 U21-3 L18-1,,,,,,,,,,UINTERFREQNCELL: RNCId=,RNC_ID,", CellId=",U9_CID,", NCellRncId=",nRNC_ID,", NCellId=",nU21f3_CID,;,,{,RNC,},,,,,,,,,,,,,,,,,
8,1,U9,UMTS,IGNORE,RMV,UMTS - RMV INTER - U9 -> U21f3 - CO SECTOR,RMV INTER - U9 -> U21f3,U09-1,U21-3,CO SECTOR,U09-1,U21-1,U09-1 U21-1,U21-1 U21-2,U09-1 U21-1 U21-2,U09-1 U21-2 U21-3,U21-1 U21-2 U21-3,U09-1 U21-1 U21-2 U21-3,U09-1 U21-1 L18-1,U09-1 U21-1 U21-2 L18-1,U09-1 U21-1 U21-2 U21-3 L18-1,,,,,,,,,,UINTERFREQNCELL: RNCId=,RNC_ID,", CellId=",U9_CID,", NCellRncId=",nRNC_ID,", NCellId=",nU21f3_CID,;,,{,RNC,},,,,,,,,,,,,,,,,,
9,1,U21f2,UMTS,CREATE,RMV,UMTS - RMV INTER - U21f2 -> U21f3 - ADJ CELL,RMV INTER - U21f2 -> U21f3,U21-2,U21-3,ADJ CELL,U09-1,U21-1,U09-1 U21-1,U21-1 U21-2,U09-1 U21-1 U21-2,U09-1 U21-2 U21-3,U21-1 U21-2 U21-3,U09-1 U21-1 U21-2 U21-3,U09-1 U21-1 L18-1,U09-1 U21-1 U21-2 L18-1,U09-1 U21-1 U21-2 U21-3 L18-1,,,,,,,,,,UINTERFREQNCELL: RNCId=,RNC_ID,", CellId=",U21f2_CID,", NCellRncId=",nRNC_ID,", NCellId=",nU21f3_CID,;,,{,RNC,},,,,,,,,,,,,,,,,,
10,1,U21f2,UMTS,IGNORE,RMV,UMTS - RMV INTER - U21f2 -> U21f3 - CO SECTOR,RMV INTER - U21f2 -> U21f3,U21-2,U21-3,CO SECTOR,U09-1,U21-1,U09-1 U21-1,U21-1 U21-2,U09-1 U21-1 U21-2,U09-1 U21-2 U21-3,U21-1 U21-2 U21-3,U09-1 U21-1 U21-2 U21-3,U09-1 U21-1 L18-1,U09-1 U21-1 U21-2 L18-1,U09-1 U21-1 U21-2 U21-3 L18-1,,,,,,,,,,UINTERFREQNCELL: RNCId=,RNC_ID,", CellId=",U21f2_CID,", NCellRncId=",nRNC_ID,", NCellId=",nU21f3_CID,;,,{,RNC,},,,,,,,,,,,,,,,,,
11,1,U21f1,UMTS,CREATE,ADD,UMTS - INTER - U21f1 -> U21f2 - ADJ CELL,INTER - U21f1 -> U21f2,U21-1,U21-2,ADJ CELL,U09-1,U21-1,U09-1 U21-1,U21-1 U21-2,U09-1 U21-1 U21-2,U09-1 U21-2 U21-3,U21-1 U21-2 U21-3,U09-1 U21-1 U21-2 U21-3,U09-1 U21-1 L18-1,U09-1 U21-1 U21-2 L18-1,U09-1 U21-1 U21-2 U21-3 L18-1,,,,,,,,,,UINTERFREQNCELL: RNCId=,RNC_ID,", CellId=",U21f1_CID,", NCellRncId=",nRNC_ID,", NCellId=",nU21f2_CID,;,,{,RNC,},,,,,,,,,,,,,,,,,
12,1,U21f1,UMTS,CREATE,ADD,UMTS - INTER - U21f1 -> U21f2 - CO SECTOR,INTER - U21f1 -> U21f2,U21-1,U21-2,CO SECTOR,U09-1,U21-1,U09-1 U21-1,U21-1 U21-2,U09-1 U21-1 U21-2,U09-1 U21-2 U21-3,U21-1 U21-2 U21-3,U09-1 U21-1 U21-2 U21-3,U09-1 U21-1 L18-1,U09-1 U21-1 U21-2 L18-1,U09-1 U21-1 U21-2 U21-3 L18-1,,,,,,,,,,UINTERFREQNCELL: RNCId=,RNC_ID,", CellId=",U21f1_CID,", NCellRncId=",nRNC_ID,", NCellId=",nU21f2_CID,;,,{,RNC,},,,,,,,,,,,,,,,,,
13,1,U21f1,UMTS,IGNORE,ADD,UMTS - INTER - U21f1 -> U21f3 - ADJ CELL,INTER - U21f1 -> U21f3,U21-1,U21-3,ADJ CELL,U09-1,U21-1,U09-1 U21-1,U21-1 U21-2,U09-1 U21-1 U21-2,U09-1 U21-2 U21-3,U21-1 U21-2 U21-3,U09-1 U21-1 U21-2 U21-3,U09-1 U21-1 L18-1,U09-1 U21-1 U21-2 L18-1,U09-1 U21-1 U21-2 U21-3 L18-1,,,,,,,,,,UINTERFREQNCELL: RNCId=,RNC_ID,", CellId=",U21f1_CID,", NCellRncId=",nRNC_ID,", NCellId=",nU21f3_CID,;,,{,RNC,},,,,,,,,,,,,,,,,,
14,1,U21f1,UMTS,CREATE,ADD,UMTS - INTER - U21f1 -> U21f3 - CO SECTOR,INTER - U21f1 -> U21f3,U21-1,U21-3,CO SECTOR,U09-1,U21-1,U09-1 U21-1,U21-1 U21-2,U09-1 U21-1 U21-2,U09-1 U21-2 U21-3,U21-1 U21-2 U21-3,U09-1 U21-1 U21-2 U21-3,U09-1 U21-1 L18-1,U09-1 U21-1 U21-2 L18-1,U09-1 U21-1 U21-2 U21-3 L18-1,,,,,,,,,,UINTERFREQNCELL: RNCId=,RNC_ID,", CellId=",U21f1_CID,", NCellRncId=",nRNC_ID,", NCellId=",nU21f3_CID,;,,{,RNC,},,,,,,,,,,,,,,,,,
15,1,U21f1,UMTS,CREATE,ADD,UMTS - INTER - U21f1 -> U9 - ADJ CELL,INTER - U21f1 -> U9,U21-1,U09-1,ADJ CELL,U09-1,U21-1,U09-1 U21-1,U21-1 U21-2,U09-1 U21-1 U21-2,U09-1 U21-2 U21-3,U21-1 U21-2 U21-3,U09-1 U21-1 U21-2 U21-3,U09-1 U21-1 L18-1,U09-1 U21-1 U21-2 L18-1,U09-1 U21-1 U21-2 U21-3 L18-1,,,,,,,,,,UINTERFREQNCELL: RNCId=,RNC_ID,", CellId=",U21f1_CID,", NCellRncId=",nRNC_ID,", NCellId=",nU9_CID,;,,{,RNC,},,,,,,,,,,,,,,,,,
16,1,U21f1,UMTS,CREATE,ADD,UMTS - INTER - U21f1 -> U9 - CO SECTOR,INTER - U21f1 -> U9,U21-1,U09-1,CO SECTOR,U09-1,U21-1,U09-1 U21-1,U21-1 U21-2,U09-1 U21-1 U21-2,U09-1 U21-2 U21-3,U21-1 U21-2 U21-3,U09-1 U21-1 U21-2 U21-3,U09-1 U21-1 L18-1,U09-1 U21-1 U21-2 L18-1,U09-1 U21-1 U21-2 U21-3 L18-1,,,,,,,,,,UINTERFREQNCELL: RNCId=,RNC_ID,", CellId=",U21f1_CID,", NCellRncId=",nRNC_ID,", NCellId=",nU9_CID,;,,{,RNC,},,,,,,,,,,,,,,,,,
17,1,U21f1,UMTS,CREATE,ADD,UMTS - INTRA - U21f1 -> U21f1 - ADJ CELL,INTRA - U21f1 -> U21f1,U21-1,U21-1,ADJ CELL,U09-1,U21-1,U09-1 U21-1,U21-1 U21-2,U09-1 U21-1 U21-2,U09-1 U21-2 U21-3,U21-1 U21-2 U21-3,U09-1 U21-1 U21-2 U21-3,U09-1 U21-1 L18-1,U09-1 U21-1 U21-2 L18-1,U09-1 U21-1 U21-2 U21-3 L18-1,,,,,,,,,,UINTRAFREQNCELL: RNCId=,RNC_ID,", CellId=",U21f1_CID,", NCellRncId=",nRNC_ID,", NCellId=",nU21f1_CID,;,,{,RNC,},,,,,,,,,,,,,,,,,
18,1,U21f1,UMTS,CREATE,ADD,UMTS - iRat - U21f1 -> G900 - ADJ CELL,iRat - U21f1 -> G900,U21-1,G09-1,ADJ CELL,U09-1,U21-1,U09-1 U21-1,U21-1 U21-2,U09-1 U21-1 U21-2,U09-1 U21-2 U21-3,U21-1 U21-2 U21-3,U09-1 U21-1 U21-2 U21-3,U09-1 U21-1 L18-1,U09-1 U21-1 U21-2 L18-1,U09-1 U21-1 U21-2 U21-3 L18-1,,,,,,,,,,U2GNCELL: RNCId=,RNC_ID,", CellId=",U21f1_CID,", GSMCellIndex=",nG9_CID,;,,,,{,RNC,},,,,,,,,,,,,,,,,,
19,1,U21f1,UMTS,CREATE,ADD,UMTS - iRat - U21f1 -> G900 - CO SECTOR,iRat - U21f1 -> G900,U21-1,G09-1,CO SECTOR,U09-1,U21-1,U09-1 U21-1,U21-1 U21-2,U09-1 U21-1 U21-2,U09-1 U21-2 U21-3,U21-1 U21-2 U21-3,U09-1 U21-1 U21-2 U21-3,U09-1 U21-1 L18-1,U09-1 U21-1 U21-2 L18-1,U09-1 U21-1 U21-2 U21-3 L18-1,,,,,,,,,,U2GNCELL: RNCId=,RNC_ID,", CellId=",U21f1_CID,", GSMCellIndex=",nG9_CID,;,,,,{,RNC,},,,,,,,,,,,,,,,,,
20,1,U21f2,UMTS,CREATE,ADD,UMTS - INTER - U21f2 -> U21f1 - ADJ CELL,INTER - U21f2 -> U21f1,U21-2,U21-1,ADJ CELL,U09-1,U21-1,U09-1 U21-1,U21-1 U21-2,U09-1 U21-1 U21-2,U09-1 U21-2 U21-3,U21-1 U21-2 U21-3,U09-1 U21-1 U21-2 U21-3,U09-1 U21-1 L18-1,U09-1 U21-1 U21-2 L18-1,U09-1 U21-1 U21-2 U21-3 L18-1,,,,,,,,,,UINTERFREQNCELL: RNCId=,RNC_ID,", CellId=",U21f2_CID,", NCellRncId=",nRNC_ID,", NCellId=",nU21f1_CID,;,,{,RNC,},,,,,,,,,,,,,,,,,
21,1,U21f2,UMTS,CREATE,ADD,UMTS - INTER - U21f2 -> U21f1 - CO SECTOR,INTER - U21f2 -> U21f1,U21-2,U21-1,CO SECTOR,U09-1,U21-1,U09-1 U21-1,U21-1 U21-2,U09-1 U21-1 U21-2,U09-1 U21-2 U21-3,U21-1 U21-2 U21-3,U09-1 U21-1 U21-2 U21-3,U09-1 U21-1 L18-1,U09-1 U21-1 U21-2 L18-1,U09-1 U21-1 U21-2 U21-3 L18-1,,,,,,,,,,UINTERFREQNCELL: RNCId=,RNC_ID,", CellId=",U21f2_CID,", NCellRncId=",nRNC_ID,", NCellId=",nU21f1_CID,;,,{,RNC,},,,,,,,,,,,,,,,,,
22,1,U21f2,UMTS,CREATE,ADD,UMTS - INTER - U21f2 -> U21f3 - ADJ CELL,INTER - U21f2 -> U21f3,U21-2,U21-3,ADJ CELL,U09-1,U21-1,U09-1 U21-1,U21-1 U21-2,U09-1 U21-1 U21-2,U09-1 U21-2 U21-3,U21-1 U21-2 U21-3,U09-1 U21-1 U21-2 U21-3,U09-1 U21-1 L18-1,U09-1 U21-1 U21-2 L18-1,U09-1 U21-1 U21-2 U21-3 L18-1,,,,,,,,,,UINTERFREQNCELL: RNCId=,RNC_ID,", CellId=",U21f2_CID,", NCellRncId=",nRNC_ID,", NCellId=",nU21f3_CID,;,,{,RNC,},,,,,,,,,,,,,,,,,
23,1,U21f2,UMTS,CREATE,ADD,UMTS - INTER - U21f2 -> U21f3 - CO SECTOR,INTER - U21f2 -> U21f3,U21-2,U21-3,CO SECTOR,U09-1,U21-1,U09-1 U21-1,U21-1 U21-2,U09-1 U21-1 U21-2,U09-1 U21-2 U21-3,U21-1 U21-2 U21-3,U09-1 U21-1 U21-2 U21-3,U09-1 U21-1 L18-1,U09-1 U21-1 U21-2 L18-1,U09-1 U21-1 U21-2 U21-3 L18-1,,,,,,,,,,UINTERFREQNCELL: RNCId=,RNC_ID,", CellId=",U21f2_CID,", NCellRncId=",nRNC_ID,", NCellId=",nU21f3_CID,;,,{,RNC,},,,,,,,,,,,,,,,,,
24,1,U21f2,UMTS,CREATE,ADD,UMTS - INTER - U21f2 -> U9 - ADJ CELL,INTER - U21f2 -> U9,U21-2,U09-1,ADJ CELL,U09-1,U21-1,U09-1 U21-1,U21-1 U21-2,U09-1 U21-1 U21-2,U09-1 U21-2 U21-3,U21-1 U21-2 U21-3,U09-1 U21-1 U21-2 U21-3,U09-1 U21-1 L18-1,U09-1 U21-1 U21-2 L18-1,U09-1 U21-1 U21-2 U21-3 L18-1,,,,,,,,,,UINTERFREQNCELL: RNCId=,RNC_ID,", CellId=",U21f2_CID,", NCellRncId=",nRNC_ID,", NCellId=",nU9_CID,;,,{,RNC,},,,,,,,,,,,,,,,,,
25,1,U21f2,UMTS,CREATE,ADD,UMTS - INTER - U21f2 -> U9 - CO SECTOR,INTER - U21f2 -> U9,U21-2,U09-1,CO SECTOR,U09-1,U21-1,U09-1 U21-1,U21-1 U21-2,U09-1 U21-1 U21-2,U09-1 U21-2 U21-3,U21-1 U21-2 U21-3,U09-1 U21-1 U21-2 U21-3,U09-1 U21-1 L18-1,U09-1 U21-1 U21-2 L18-1,U09-1 U21-1 U21-2 U21-3 L18-1,,,,,,,,,,UINTERFREQNCELL: RNCId=,RNC_ID,", CellId=",U21f2_CID,", NCellRncId=",nRNC_ID,", NCellId=",nU9_CID,;,,{,RNC,},,,,,,,,,,,,,,,,,
26,1,U21f2,UMTS,CREATE,ADD,UMTS - INTRA - U21f2 -> U21f2 - ADJ CELL,INTRA - U21f2 -> U21f2,U21-2,U21-2,ADJ CELL,U09-1,U21-1,U09-1 U21-1,U21-1 U21-2,U09-1 U21-1 U21-2,U09-1 U21-2 U21-3,U21-1 U21-2 U21-3,U09-1 U21-1 U21-2 U21-3,U09-1 U21-1 L18-1,U09-1 U21-1 U21-2 L18-1,U09-1 U21-1 U21-2 U21-3 L18-1,,,,,,,,,,UINTRAFREQNCELL: RNCId=,RNC_ID,", CellId=",U21f2_CID,", NCellRncId=",nRNC_ID,", NCellId=",nU21f2_CID,;,,{,RNC,},,,,,,,,,,,,,,,,,
27,1,U21f2,UMTS,CREATE,ADD,UMTS - iRat - U21f2 -> G900 - ADJ CELL,iRat - U21f2 -> G900,U21-2,G09-1,ADJ CELL,U09-1,U21-1,U09-1 U21-1,U21-1 U21-2,U09-1 U21-1 U21-2,U09-1 U21-2 U21-3,U21-1 U21-2 U21-3,U09-1 U21-1 U21-2 U21-3,U09-1 U21-1 L18-1,U09-1 U21-1 U21-2 L18-1,U09-1 U21-1 U21-2 U21-3 L18-1,,,,,,,,,,U2GNCELL: RNCId=,RNC_ID,", CellId=",U21f2_CID,", GSMCellIndex=",nG9_CID,;,,,,{,RNC,},,,,,,,,,,,,,,,,,
28,1,U21f2,UMTS,CREATE,ADD,UMTS - iRat - U21f2 -> G900 - CO SECTOR,iRat - U21f2 -> G900,U21-2,G09-1,CO SECTOR,U09-1,U21-1,U09-1 U21-1,U21-1 U21-2,U09-1 U21-1 U21-2,U09-1 U21-2 U21-3,U21-1 U21-2 U21-3,U09-1 U21-1 U21-2 U21-3,U09-1 U21-1 L18-1,U09-1 U21-1 U21-2 L18-1,U09-1 U21-1 U21-2 U21-3 L18-1,,,,,,,,,,U2GNCELL: RNCId=,RNC_ID,", CellId=",U21f2_CID,", GSMCellIndex=",nG9_CID,;,,,,{,RNC,},,,,,,,,,,,,,,,,,
29,1,U21f3,UMTS,CREATE,ADD,UMTS - INTER - U21f3 -> U21f1 - ADJ CELL,INTER - U21f3 -> U21f1,U21-3,U21-1,ADJ CELL,U09-1,U21-1,U09-1 U21-1,U21-1 U21-2,U09-1 U21-1 U21-2,U09-1 U21-2 U21-3,U21-1 U21-2 U21-3,U09-1 U21-1 U21-2 U21-3,U09-1 U21-1 L18-1,U09-1 U21-1 U21-2 L18-1,U09-1 U21-1 U21-2 U21-3 L18-1,,,,,,,,,,UINTERFREQNCELL: RNCId=,RNC_ID,", CellId=",U21f3_CID,", NCellRncId=",nRNC_ID,", NCellId=",nU21f1_CID,;,,{,RNC,},,,,,,,,,,,,,,,,,
30,1,U21f3,UMTS,CREATE,ADD,UMTS - INTER - U21f3 -> U21f1 - CO SECTOR,INTER - U21f3 -> U21f1,U21-3,U21-1,CO SECTOR,U09-1,U21-1,U09-1 U21-1,U21-1 U21-2,U09-1 U21-1 U21-2,U09-1 U21-2 U21-3,U21-1 U21-2 U21-3,U09-1 U21-1 U21-2 U21-3,U09-1 U21-1 L18-1,U09-1 U21-1 U21-2 L18-1,U09-1 U21-1 U21-2 U21-3 L18-1,,,,,,,,,,UINTERFREQNCELL: RNCId=,RNC_ID,", CellId=",U21f3_CID,", NCellRncId=",nRNC_ID,", NCellId=",nU21f1_CID,;,,{,RNC,},,,,,,,,,,,,,,,,,
31,1,U21f3,UMTS,IGNORE,ADD,UMTS - INTER - U21f3 -> U21f2 - ADJ CELL,INTER - U21f3 -> U21f2,U21-3,U21-2,ADJ CELL,U09-1,U21-1,U09-1 U21-1,U21-1 U21-2,U09-1 U21-1 U21-2,U09-1 U21-2 U21-3,U21-1 U21-2 U21-3,U09-1 U21-1 U21-2 U21-3,U09-1 U21-1 L18-1,U09-1 U21-1 U21-2 L18-1,U09-1 U21-1 U21-2 U21-3 L18-1,,,,,,,,,,UINTERFREQNCELL: RNCId=,RNC_ID,", CellId=",U21f3_CID,", NCellRncId=",nRNC_ID,", NCellId=",nU21f2_CID,;,,{,RNC,},,,,,,,,,,,,,,,,,
32,1,U21f3,UMTS,CREATE,ADD,UMTS - INTER - U21f3 -> U21f2 - CO SECTOR,INTER - U21f3 -> U21f2,U21-3,U21-2,CO SECTOR,U09-1,U21-1,U09-1 U21-1,U21-1 U21-2,U09-1 U21-1 U21-2,U09-1 U21-2 U21-3,U21-1 U21-2 U21-3,U09-1 U21-1 U21-2 U21-3,U09-1 U21-1 L18-1,U09-1 U21-1 U21-2 L18-1,U09-1 U21-1 U21-2 U21-3 L18-1,,,,,,,,,,UINTERFREQNCELL: RNCId=,RNC_ID,", CellId=",U21f3_CID,", NCellRncId=",nRNC_ID,", NCellId=",nU21f2_CID,;,,{,RNC,},,,,,,,,,,,,,,,,,
33,1,U21f3,UMTS,CREATE,ADD,UMTS - INTER - U21f3 -> U9 - ADJ CELL,INTER - U21f3 -> U9,U21-3,U09-1,ADJ CELL,U09-1,U21-1,U09-1 U21-1,U21-1 U21-2,U09-1 U21-1 U21-2,U09-1 U21-2 U21-3,U21-1 U21-2 U21-3,U09-1 U21-1 U21-2 U21-3,U09-1 U21-1 L18-1,U09-1 U21-1 U21-2 L18-1,U09-1 U21-1 U21-2 U21-3 L18-1,,,,,,,,,,UINTERFREQNCELL: RNCId=,RNC_ID,", CellId=",U21f3_CID,", NCellRncId=",nRNC_ID,", NCellId=",nU9_CID,;,,{,RNC,},,,,,,,,,,,,,,,,,
34,1,U21f3,UMTS,CREATE,ADD,UMTS - INTER - U21f3 -> U9 - CO SECTOR,INTER - U21f3 -> U9,U21-3,U09-1,CO SECTOR,U09-1,U21-1,U09-1 U21-1,U21-1 U21-2,U09-1 U21-1 U21-2,U09-1 U21-2 U21-3,U21-1 U21-2 U21-3,U09-1 U21-1 U21-2 U21-3,U09-1 U21-1 L18-1,U09-1 U21-1 U21-2 L18-1,U09-1 U21-1 U21-2 U21-3 L18-1,,,,,,,,,,UINTERFREQNCELL: RNCId=,RNC_ID,", CellId=",U21f3_CID,", NCellRncId=",nRNC_ID,", NCellId=",nU9_CID,;,,{,RNC,},,,,,,,,,,,,,,,,,
35,1,U21f3,UMTS,CREATE,ADD,UMTS - INTRA - U21f3 -> U21f3 - ADJ CELL,INTRA - U21f3 -> U21f3,U21-3,U21-3,ADJ CELL,U09-1,U21-1,U09-1 U21-1,U21-1 U21-2,U09-1 U21-1 U21-2,U09-1 U21-2 U21-3,U21-1 U21-2 U21-3,U09-1 U21-1 U21-2 U21-3,U09-1 U21-1 L18-1,U09-1 U21-1 U21-2 L18-1,U09-1 U21-1 U21-2 U21-3 L18-1,,,,,,,,,,UINTRAFREQNCELL: RNCId=,RNC_ID,", CellId=",U21f3_CID,", NCellRncId=",nRNC_ID,", NCellId=",nU21f3_CID,;,,{,RNC,},,,,,,,,,,,,,,,,,
36,1,U21f3,UMTS,CREATE,ADD,UMTS - iRat - U21f3 -> G900 - ADJ CELL,iRat - U21f3 -> G900,U21-3,G09-1,ADJ CELL,U09-1,U21-1,U09-1 U21-1,U21-1 U21-2,U09-1 U21-1 U21-2,U09-1 U21-2 U21-3,U21-1 U21-2 U21-3,U09-1 U21-1 U21-2 U21-3,U09-1 U21-1 L18-1,U09-1 U21-1 U21-2 L18-1,U09-1 U21-1 U21-2 U21-3 L18-1,,,,,,,,,,U2GNCELL: RNCId=,RNC_ID,", CellId=",U21f3_CID,", GSMCellIndex=",nG9_CID,;,,,,{,RNC,},,,,,,,,,,,,,,,,,
37,1,U21f3,UMTS,CREATE,ADD,UMTS - iRat - U21f3 -> G900 - CO SECTOR,iRat - U21f3 -> G900,U21-3,G09-1,CO SECTOR,U09-1,U21-1,U09-1 U21-1,U21-1 U21-2,U09-1 U21-1 U21-2,U09-1 U21-2 U21-3,U21-1 U21-2 U21-3,U09-1 U21-1 U21-2 U21-3,U09-1 U21-1 L18-1,U09-1 U21-1 U21-2 L18-1,U09-1 U21-1 U21-2 U21-3 L18-1,,,,,,,,,,U2GNCELL: RNCId=,RNC_ID,", CellId=",U21f3_CID,", GSMCellIndex=",nG9_CID,;,,,,{,RNC,},,,,,,,,,,,,,,,,,
38,1,U9,UMTS,CREATE,ADD,UMTS - INTER - U9 -> U21f1 - ADJ CELL,INTER - U9 -> U21f1,U09-1,U21-1,ADJ CELL,U09-1,U21-1,U09-1 U21-1,U21-1 U21-2,U09-1 U21-1 U21-2,U09-1 U21-2 U21-3,U21-1 U21-2 U21-3,U09-1 U21-1 U21-2 U21-3,U09-1 U21-1 L18-1,U09-1 U21-1 U21-2 L18-1,U09-1 U21-1 U21-2 U21-3 L18-1,,,,,,,,,,UINTERFREQNCELL: RNCId=,RNC_ID,", CellId=",U9_CID,", NCellRncId=",nRNC_ID,", NCellId=",nU21f1_CID,;,,{,RNC,},,,,,,,,,,,,,,,,,
39,1,U9,UMTS,CREATE,ADD,UMTS - INTER - U9 -> U21f1 - CO SECTOR,INTER - U9 -> U21f1,U09-1,U21-1,CO SECTOR,U09-1,U21-1,U09-1 U21-1,U21-1 U21-2,U09-1 U21-1 U21-2,U09-1 U21-2 U21-3,U21-1 U21-2 U21-3,U09-1 U21-1 U21-2 U21-3,U09-1 U21-1 L18-1,U09-1 U21-1 U21-2 L18-1,U09-1 U21-1 U21-2 U21-3 L18-1,,,,,,,,,,UINTERFREQNCELL: RNCId=,RNC_ID,", CellId=",U9_CID,", NCellRncId=",nRNC_ID,", NCellId=",nU21f1_CID,;,,{,RNC,},,,,,,,,,,,,,,,,,
40,1,U9,UMTS,CREATE,ADD,UMTS - INTER - U9 -> U21f2 - ADJ CELL,INTER - U9 -> U21f2,U09-1,U21-2,ADJ CELL,U09-1,U21-1,U09-1 U21-1,U21-1 U21-2,U09-1 U21-1 U21-2,U09-1 U21-2 U21-3,U21-1 U21-2 U21-3,U09-1 U21-1 U21-2 U21-3,U09-1 U21-1 L18-1,U09-1 U21-1 U21-2 L18-1,U09-1 U21-1 U21-2 U21-3 L18-1,,,,,,,,,,UINTERFREQNCELL: RNCId=,RNC_ID,", CellId=",U9_CID,", NCellRncId=",nRNC_ID,", NCellId=",nU21f2_CID,;,,{,RNC,},,,,,,,,,,,,,,,,,
41,1,U9,UMTS,CREATE,ADD,UMTS - INTER - U9 -> U21f2 - CO SECTOR,INTER - U9 -> U21f2,U09-1,U21-2,CO SECTOR,U09-1,U21-1,U09-1 U21-1,U21-1 U21-2,U09-1 U21-1 U21-2,U09-1 U21-2 U21-3,U21-1 U21-2 U21-3,U09-1 U21-1 U21-2 U21-3,U09-1 U21-1 L18-1,U09-1 U21-1 U21-2 L18-1,U09-1 U21-1 U21-2 U21-3 L18-1,,,,,,,,,,UINTERFREQNCELL: RNCId=,RNC_ID,", CellId=",U9_CID,", NCellRncId=",nRNC_ID,", NCellId=",nU21f2_CID,;,,{,RNC,},,,,,,,,,,,,,,,,,
42,1,U9,UMTS,IGNORE,ADD,UMTS - INTER - U9 -> U21f3 - ADJ CELL,INTER - U9 -> U21f3,U09-1,U21-3,ADJ CELL,U09-1,U21-1,U09-1 U21-1,U21-1 U21-2,U09-1 U21-1 U21-2,U09-1 U21-2 U21-3,U21-1 U21-2 U21-3,U09-1 U21-1 U21-2 U21-3,U09-1 U21-1 L18-1,U09-1 U21-1 U21-2 L18-1,U09-1 U21-1 U21-2 U21-3 L18-1,,,,,,,,,,UINTERFREQNCELL: RNCId=,RNC_ID,", CellId=",U9_CID,", NCellRncId=",nRNC_ID,", NCellId=",nU21f3_CID,;,,{,RNC,},,,,,,,,,,,,,,,,,
43,1,U9,UMTS,CREATE,ADD,UMTS - INTER - U9 -> U21f3 - CO SECTOR,INTER - U9 -> U21f3,U09-1,U21-3,CO SECTOR,U09-1,U21-1,U09-1 U21-1,U21-1 U21-2,U09-1 U21-1 U21-2,U09-1 U21-2 U21-3,U21-1 U21-2 U21-3,U09-1 U21-1 U21-2 U21-3,U09-1 U21-1 L18-1,U09-1 U21-1 U21-2 L18-1,U09-1 U21-1 U21-2 U21-3 L18-1,,,,,,,,,,UINTERFREQNCELL: RNCId=,RNC_ID,", CellId=",U9_CID,", NCellRncId=",nRNC_ID,", NCellId=",nU21f3_CID,;,,{,RNC,},,,,,,,,,,,,,,,,,
44,1,U9,UMTS,CREATE,ADD,UMTS - INTRA - U9 -> U9 - ADJ CELL,INTRA - U9 -> U9,U09-1,U09-1,ADJ CELL,U09-1,U21-1,U09-1 U21-1,U21-1 U21-2,U09-1 U21-1 U21-2,U09-1 U21-2 U21-3,U21-1 U21-2 U21-3,U09-1 U21-1 U21-2 U21-3,U09-1 U21-1 L18-1,U09-1 U21-1 U21-2 L18-1,U09-1 U21-1 U21-2 U21-3 L18-1,,,,,,,,,,UINTRAFREQNCELL: RNCId=,RNC_ID,", CellId=",U9_CID,", NCellRncId=",nRNC_ID,", NCellId=",nU9_CID,;,,{,RNC,},,,,,,,,,,,,,,,,,
45,1,U9,UMTS,CREATE,ADD,UMTS - iRat - U09 -> G900 - ADJ CELL,iRat - U09 -> G900,U09-1,G09-1,ADJ CELL,U09-1,U21-1,U09-1 U21-1,U21-1 U21-2,U09-1 U21-1 U21-2,U09-1 U21-2 U21-3,U21-1 U21-2 U21-3,U09-1 U21-1 U21-2 U21-3,U09-1 U21-1 L18-1,U09-1 U21-1 U21-2 L18-1,U09-1 U21-1 U21-2 U21-3 L18-1,,,,,,,,,,U2GNCELL: RNCId=,RNC_ID,", CellId=",U9_CID,", GSMCellIndex=",nG9_CID,;,,,,{,RNC,},,,,,,,,,,,,,,,,,
46,1,U9,UMTS,CREATE,ADD,UMTS - iRat - U09 -> G900 - CO SECTOR,iRat - U09 -> G900,U09-1,G09-1,CO SECTOR,U09-1,U21-1,U09-1 U21-1,U21-1 U21-2,U09-1 U21-1 U21-2,U09-1 U21-2 U21-3,U21-1 U21-2 U21-3,U09-1 U21-1 U21-2 U21-3,U09-1 U21-1 L18-1,U09-1 U21-1 U21-2 L18-1,U09-1 U21-1 U21-2 U21-3 L18-1,,,,,,,,,,U2GNCELL: RNCId=,RNC_ID,", CellId=",U9_CID,", GSMCellIndex=",nG9_CID,;,,,,{,RNC,},,,,,,,,,,,,,,,,,
47,1,U21f1,MOD BLIND HO,CREATE,MOD,MOD BLIND HO - INTER - U21f1 -> U21f2 - CO SECTOR,INTER - U21f1 -> U21f2,U21-1,U21-2,CO SECTOR,U09-1,U21-1,U09-1 U21-1,U21-1 U21-2,U09-1 U21-1 U21-2,U09-1 U21-2 U21-3,U21-1 U21-2 U21-3,U09-1 U21-1 U21-2 U21-3,U09-1 U21-1 L18-1,U09-1 U21-1 U21-2 L18-1,U09-1 U21-1 U21-2 U21-3 L18-1,,,,,,,,,,UINTERFREQNCELL: RNCId=,RNC_ID,", CellId=",U21f1_CID,", NCellRncId=",nRNC_ID,", NCellId=",nU21f2_CID,",  CIOOFFSET=0, SIB11Ind=TRUE, IdleQoffset1sn=0, IdleQoffset2sn=0, SIB12Ind=TRUE, HOCovPrio=2, BlindHoFlag=FALSE, DRDEcN0Threshhold=-12, DrdOrLdrFlag=TRUE, MBDRFLAG=FALSE;",,{,RNC,},,,,,,,,FALSE,TRUE,0,0,FALSE,2,,-12,TRUE,FALSE
48,1,U21f1,MOD BLIND HO,CREATE,MOD,MOD BLIND HO - INTER - U21f1 -> U21f3 - CO SECTOR,INTER - U21f1 -> U21f3,U21-1,U21-3,CO SECTOR,U09-1,U21-1,U09-1 U21-1,U21-1 U21-2,U09-1 U21-1 U21-2,U09-1 U21-2 U21-3,U21-1 U21-2 U21-3,U09-1 U21-1 U21-2 U21-3,U09-1 U21-1 L18-1,U09-1 U21-1 U21-2 L18-1,U09-1 U21-1 U21-2 U21-3 L18-1,,,,,,,,,,UINTERFREQNCELL: RNCId=,RNC_ID,", CellId=",U21f1_CID,", NCellRncId=",nRNC_ID,", NCellId=",nU21f3_CID,",  CIOOFFSET=0, SIB11Ind=TRUE, IdleQoffset1sn=0, IdleQoffset2sn=0, SIB12Ind=TRUE, HOCovPrio=2, BlindHoFlag=FALSE, DRDEcN0Threshhold=-12, DrdOrLdrFlag=TRUE, MBDRFLAG=FALSE;",,{,RNC,},,,,,,,,FALSE,TRUE,0,0,FALSE,2,,-12,TRUE,FALSE
49,1,U21f1,MOD BLIND HO,CREATE,MOD,MOD BLIND HO - INTER - U21f1 -> U9 - CO SECTOR,INTER - U21f1 -> U9,U21-1,U09-1,CO SECTOR,U09-1,U21-1,U09-1 U21-1,U21-1 U21-2,U09-1 U21-1 U21-2,U09-1 U21-2 U21-3,U21-1 U21-2 U21-3,U09-1 U21-1 U21-2 U21-3,U09-1 U21-1 L18-1,U09-1 U21-1 U21-2 L18-1,U09-1 U21-1 U21-2 U21-3 L18-1,,,,,,,,,,UINTERFREQNCELL: RNCId=,RNC_ID,", CellId=",U21f1_CID,", NCellRncId=",nRNC_ID,", NCellId=",nU9_CID,",  CIOOFFSET=0, SIB11Ind=TRUE, IdleQoffset1sn=0, IdleQoffset2sn=0, SIB12Ind=TRUE, HOCovPrio=2, BlindHoFlag=FALSE, DRDEcN0Threshhold=-12, DrdOrLdrFlag=TRUE, MBDRFLAG=FALSE;",,{,RNC,},,,,,,,,FALSE,TRUE,0,0,FALSE,2,,-12,TRUE,FALSE
50,1,U21f1,MOD BLIND HO,CREATE,MOD,MOD BLIND HO - iRat - U21f1 -> G900 - CO SECTOR,iRat - U21f1 -> G900,U21-1,G09-1,CO SECTOR,U09-1,U21-1,U09-1 U21-1,U21-1 U21-2,U09-1 U21-1 U21-2,U09-1 U21-2 U21-3,U21-1 U21-2 U21-3,U09-1 U21-1 U21-2 U21-3,U09-1 U21-1 L18-1,U09-1 U21-1 U21-2 L18-1,U09-1 U21-1 U21-2 U21-3 L18-1,,,,,,,,,,U2GNCELL: RNCId=,RNC_ID,", CellId=",U21f1_CID,", GSMCellIndex=",nG9_CID,",Qoffset1sn=0,Qrxlevmin=-50, BlindHoFlag=TRUE, BlindHOPrio=0, DRDEcN0Threshhold=-18, SIB11Ind=TRUE, SIB12Ind=FALSE;",,,,{,RNC,},,,,,,,,TRUE,TRUE,0,-50,FALSE,0,-96,-18,TRUE,-
51,1,U21f2,MOD BLIND HO,CREATE,MOD,MOD BLIND HO - INTER - U21f2 -> U21f3 - CO SECTOR,INTER - U21f2 -> U21f3,U21-2,U21-3,CO SECTOR,U09-1,U21-1,U09-1 U21-1,U21-1 U21-2,U09-1 U21-1 U21-2,U09-1 U21-2 U21-3,U21-1 U21-2 U21-3,U09-1 U21-1 U21-2 U21-3,U09-1 U21-1 L18-1,U09-1 U21-1 U21-2 L18-1,U09-1 U21-1 U21-2 U21-3 L18-1,,,,,,,,,,UINTERFREQNCELL: RNCId=,RNC_ID,", CellId=",U21f2_CID,", NCellRncId=",nRNC_ID,", NCellId=",nU21f3_CID,",  CIOOFFSET=0, SIB11Ind=TRUE, IdleQoffset1sn=0, IdleQoffset2sn=0, SIB12Ind=TRUE, HOCovPrio=2, BlindHoFlag=FALSE, DRDEcN0Threshhold=-12, DrdOrLdrFlag=TRUE, MBDRFLAG=FALSE;",,{,RNC,},,,,,,,,FALSE,TRUE,0,0,FALSE,2,,-12,TRUE,FALSE
52,1,U21f2,MOD BLIND HO,CREATE,MOD,MOD BLIND HO - INTER - U21f2 -> U9 - CO SECTOR,INTER - U21f2 -> U9,U21-2,U09-1,CO SECTOR,U09-1,U21-1,U09-1 U21-1,U21-1 U21-2,U09-1 U21-1 U21-2,U09-1 U21-2 U21-3,U21-1 U21-2 U21-3,U09-1 U21-1 U21-2 U21-3,U09-1 U21-1 L18-1,U09-1 U21-1 U21-2 L18-1,U09-1 U21-1 U21-2 U21-3 L18-1,,,,,,,,,,UINTERFREQNCELL: RNCId=,RNC_ID,", CellId=",U21f2_CID,", NCellRncId=",nRNC_ID,", NCellId=",nU9_CID,",  CIOOFFSET=0, SIB11Ind=TRUE, IdleQoffset1sn=0, IdleQoffset2sn=0, SIB12Ind=TRUE, HOCovPrio=2, BlindHoFlag=FALSE, DRDEcN0Threshhold=-12, DrdOrLdrFlag=TRUE, MBDRFLAG=FALSE;",,{,RNC,},,,,,,,,FALSE,TRUE,0,0,FALSE,2,,-12,TRUE,FALSE
53,1,U21f2,MOD BLIND HO,CREATE,MOD,MOD BLIND HO - iRat - U21f2 -> G900 - CO SECTOR,iRat - U21f2 -> G900,U21-2,G09-1,CO SECTOR,U09-1,U21-1,U09-1 U21-1,U21-1 U21-2,U09-1 U21-1 U21-2,U09-1 U21-2 U21-3,U21-1 U21-2 U21-3,U09-1 U21-1 U21-2 U21-3,U09-1 U21-1 L18-1,U09-1 U21-1 U21-2 L18-1,U09-1 U21-1 U21-2 U21-3 L18-1,,,,,,,,,,U2GNCELL: RNCId=,RNC_ID,", CellId=",U21f2_CID,", GSMCellIndex=",nG9_CID,",Qoffset1sn=0,Qrxlevmin=-50, BlindHoFlag=TRUE, BlindHOPrio=0, DRDEcN0Threshhold=-18, SIB11Ind=TRUE, SIB12Ind=FALSE;",,,,{,RNC,},,,,,,,,TRUE,TRUE,0,-50,FALSE,0,-96,-18,TRUE,-
54,1,U21f2,MOD BLIND HO,CREATE,MOD,MOD BLIND HO - INTER - U21f2 -> U21f1 - CO SECTOR,INTER - U21f2 -> U21f1,U21-2,U21-1,CO SECTOR,U09-1,U21-1,U09-1 U21-1,U21-1 U21-2,U09-1 U21-1 U21-2,U09-1 U21-2 U21-3,U21-1 U21-2 U21-3,U09-1 U21-1 U21-2 U21-3,U09-1 U21-1 L18-1,U09-1 U21-1 U21-2 L18-1,U09-1 U21-1 U21-2 U21-3 L18-1,,,,,,,,,,UINTERFREQNCELL: RNCId=,RNC_ID,", CellId=",U21f2_CID,", NCellRncId=",nRNC_ID,", NCellId=",nU21f1_CID,",  CIOOFFSET=0, SIB11Ind=TRUE, IdleQoffset1sn=0, IdleQoffset2sn=0, SIB12Ind=TRUE, HOCovPrio=2, BlindHoFlag=FALSE, DRDEcN0Threshhold=-12, DrdOrLdrFlag=TRUE, MBDRFLAG=FALSE;",,{,RNC,},,,,,,,,FALSE,TRUE,0,0,FALSE,2,,-12,TRUE,FALSE
55,1,U21f3,MOD BLIND HO,CREATE,MOD,MOD BLIND HO - INTER - U21f3 -> U9 - CO SECTOR,INTER - U21f3 -> U9,U21-3,U09-1,CO SECTOR,U09-1,U21-1,U09-1 U21-1,U21-1 U21-2,U09-1 U21-1 U21-2,U09-1 U21-2 U21-3,U21-1 U21-2 U21-3,U09-1 U21-1 U21-2 U21-3,U09-1 U21-1 L18-1,U09-1 U21-1 U21-2 L18-1,U09-1 U21-1 U21-2 U21-3 L18-1,,,,,,,,,,UINTERFREQNCELL: RNCId=,RNC_ID,", CellId=",U21f3_CID,", NCellRncId=",nRNC_ID,", NCellId=",nU9_CID,",  CIOOFFSET=0, SIB11Ind=TRUE, IdleQoffset1sn=0, IdleQoffset2sn=0, SIB12Ind=TRUE, HOCovPrio=2, BlindHoFlag=FALSE, DRDEcN0Threshhold=-12, DrdOrLdrFlag=TRUE, MBDRFLAG=FALSE;",,{,RNC,},,,,,,,,FALSE,TRUE,0,0,FALSE,2,,-12,TRUE,FALSE
56,1,U21f3,MOD BLIND HO,CREATE,MOD,MOD BLIND HO - iRat - U21f3 -> G900 - CO SECTOR,iRat - U21f3 -> G900,U21-3,G09-1,CO SECTOR,U09-1,U21-1,U09-1 U21-1,U21-1 U21-2,U09-1 U21-1 U21-2,U09-1 U21-2 U21-3,U21-1 U21-2 U21-3,U09-1 U21-1 U21-2 U21-3,U09-1 U21-1 L18-1,U09-1 U21-1 U21-2 L18-1,U09-1 U21-1 U21-2 U21-3 L18-1,,,,,,,,,,U2GNCELL: RNCId=,RNC_ID,", CellId=",U21f3_CID,", GSMCellIndex=",nG9_CID,",Qoffset1sn=0,Qrxlevmin=-50, BlindHoFlag=TRUE, BlindHOPrio=0, DRDEcN0Threshhold=-18, SIB11Ind=TRUE, SIB12Ind=FALSE;",,,,{,RNC,},,,,,,,,TRUE,TRUE,0,-50,FALSE,0,-96,-18,TRUE,-
57,1,U21f3,MOD BLIND HO,CREATE,MOD,MOD BLIND HO - INTER - U21f3 -> U21f1 - CO SECTOR,INTER - U21f3 -> U21f1,U21-3,U21-1,CO SECTOR,U09-1,U21-1,U09-1 U21-1,U21-1 U21-2,U09-1 U21-1 U21-2,U09-1 U21-2 U21-3,U21-1 U21-2 U21-3,U09-1 U21-1 U21-2 U21-3,U09-1 U21-1 L18-1,U09-1 U21-1 U21-2 L18-1,U09-1 U21-1 U21-2 U21-3 L18-1,,,,,,,,,,UINTERFREQNCELL: RNCId=,RNC_ID,", CellId=",U21f3_CID,", NCellRncId=",nRNC_ID,", NCellId=",nU21f1_CID,",  CIOOFFSET=0, SIB11Ind=TRUE, IdleQoffset1sn=0, IdleQoffset2sn=0, SIB12Ind=TRUE, HOCovPrio=2, BlindHoFlag=FALSE, DRDEcN0Threshhold=-12, DrdOrLdrFlag=TRUE, MBDRFLAG=FALSE;",,{,RNC,},,,,,,,,FALSE,TRUE,0,0,FALSE,2,,-12,TRUE,FALSE
58,1,U21f3,MOD BLIND HO,CREATE,MOD,MOD BLIND HO - INTER - U21f3 -> U21f2 - CO SECTOR,INTER - U21f3 -> U21f2,U21-3,U21-2,CO SECTOR,U09-1,U21-1,U09-1 U21-1,U21-1 U21-2,U09-1 U21-1 U21-2,U09-1 U21-2 U21-3,U21-1 U21-2 U21-3,U09-1 U21-1 U21-2 U21-3,U09-1 U21-1 L18-1,U09-1 U21-1 U21-2 L18-1,U09-1 U21-1 U21-2 U21-3 L18-1,,,,,,,,,,UINTERFREQNCELL: RNCId=,RNC_ID,", CellId=",U21f3_CID,", NCellRncId=",nRNC_ID,", NCellId=",nU21f2_CID,",  CIOOFFSET=0, SIB11Ind=TRUE, IdleQoffset1sn=0, IdleQoffset2sn=0, SIB12Ind=TRUE, HOCovPrio=2, BlindHoFlag=FALSE, DRDEcN0Threshhold=-12, DrdOrLdrFlag=TRUE, MBDRFLAG=FALSE;",,{,RNC,},,,,,,,,FALSE,TRUE,0,0,FALSE,2,,-12,TRUE,FALSE
59,1,U9,MOD BLIND HO,CREATE,MOD,MOD BLIND HO - iRat - U09 -> G900 - CO SECTOR,iRat - U09 -> G900,U09-1,G09-1,CO SECTOR,U09-1,U21-1,U09-1 U21-1,U21-1 U21-2,U09-1 U21-1 U21-2,U09-1 U21-2 U21-3,U21-1 U21-2 U21-3,U09-1 U21-1 U21-2 U21-3,U09-1 U21-1 L18-1,U09-1 U21-1 U21-2 L18-1,U09-1 U21-1 U21-2 U21-3 L18-1,,,,,,,,,,U2GNCELL: RNCId=,RNC_ID,", CellId=",U9_CID,", GSMCellIndex=",nG9_CID,",Qoffset1sn=0,Qrxlevmin=-50, BlindHoFlag=TRUE, BlindHOPrio=0, DRDEcN0Threshhold=-18, SIB11Ind=TRUE, SIB12Ind=FALSE;",,,,{,RNC,},,,,,,,,TRUE,TRUE,0,-50,FALSE,0,-96,-18,TRUE,-
60,1,U9,MOD BLIND HO,CREATE,MOD,MOD BLIND HO - INTER - U9 -> U21f1 - CO SECTOR,INTER - U9 -> U21f1,U09-1,U21-1,CO SECTOR,U09-1,U21-1,U09-1 U21-1,U21-1 U21-2,U09-1 U21-1 U21-2,U09-1 U21-2 U21-3,U21-1 U21-2 U21-3,U09-1 U21-1 U21-2 U21-3,U09-1 U21-1 L18-1,U09-1 U21-1 U21-2 L18-1,U09-1 U21-1 U21-2 U21-3 L18-1,,,,,,,,,,UINTERFREQNCELL: RNCId=,RNC_ID,", CellId=",U9_CID,", NCellRncId=",nRNC_ID,", NCellId=",nU21f1_CID,",  CIOOFFSET=0, SIB11Ind=TRUE, IdleQoffset1sn=0, IdleQoffset2sn=0, SIB12Ind=TRUE, HOCovPrio=2, BlindHoFlag=FALSE, DRDEcN0Threshhold=-12, DrdOrLdrFlag=TRUE, MBDRFLAG=FALSE;",,{,RNC,},,,,,,,,FALSE,TRUE,0,0,FALSE,2,,-12,TRUE,FALSE
61,1,U9,MOD BLIND HO,CREATE,MOD,MOD BLIND HO - INTER - U9 -> U21f2 - CO SECTOR,INTER - U9 -> U21f2,U09-1,U21-2,CO SECTOR,U09-1,U21-1,U09-1 U21-1,U21-1 U21-2,U09-1 U21-1 U21-2,U09-1 U21-2 U21-3,U21-1 U21-2 U21-3,U09-1 U21-1 U21-2 U21-3,U09-1 U21-1 L18-1,U09-1 U21-1 U21-2 L18-1,U09-1 U21-1 U21-2 U21-3 L18-1,,,,,,,,,,UINTERFREQNCELL: RNCId=,RNC_ID,", CellId=",U9_CID,", NCellRncId=",nRNC_ID,", NCellId=",nU21f2_CID,",  CIOOFFSET=0, SIB11Ind=TRUE, IdleQoffset1sn=0, IdleQoffset2sn=0, SIB12Ind=TRUE, HOCovPrio=2, BlindHoFlag=FALSE, DRDEcN0Threshhold=-12, DrdOrLdrFlag=TRUE, MBDRFLAG=FALSE;",,{,RNC,},,,,,,,,FALSE,TRUE,0,0,FALSE,2,,-12,TRUE,FALSE
62,1,U9,MOD BLIND HO,CREATE,MOD,MOD BLIND HO - INTER - U9 -> U21f3 - CO SECTOR,INTER - U9 -> U21f3,U09-1,U21-3,CO SECTOR,U09-1,U21-1,U09-1 U21-1,U21-1 U21-2,U09-1 U21-1 U21-2,U09-1 U21-2 U21-3,U21-1 U21-2 U21-3,U09-1 U21-1 U21-2 U21-3,U09-1 U21-1 L18-1,U09-1 U21-1 U21-2 L18-1,U09-1 U21-1 U21-2 U21-3 L18-1,,,,,,,,,,UINTERFREQNCELL: RNCId=,RNC_ID,", CellId=",U9_CID,", NCellRncId=",nRNC_ID,", NCellId=",nU21f3_CID,",  CIOOFFSET=0, SIB11Ind=TRUE, IdleQoffset1sn=0, IdleQoffset2sn=0, SIB12Ind=TRUE, HOCovPrio=2, BlindHoFlag=FALSE, DRDEcN0Threshhold=-12, DrdOrLdrFlag=TRUE, MBDRFLAG=FALSE;",,{,RNC,},,,,,,,,FALSE,TRUE,0,0,FALSE,2,,-12,TRUE,FALSE
63,1,GSM,GSM,CREATE,RMV,GSM - RMV - G900 -> U21f2 - ADJ CELL,RMV - G900 -> U21f2,G09-1,U21-2,ADJ CELL,U09-1,U21-1,U09-1 U21-1,U21-1 U21-2,U09-1 U21-1 U21-2,U09-1 U21-2 U21-3,U21-1 U21-2 U21-3,U09-1 U21-1 U21-2 U21-3,U09-1 U21-1 L18-1,U09-1 U21-1 U21-2 L18-1,U09-1 U21-1 U21-2 U21-3 L18-1,,,,,,,,,,"G3GNCELL: IDTYPE=BYID, SRC3GNCELLID=",G9_Index,", NBR3GNCELLID=",nU21f2_Index,;,,,,,,{,BSC,},,,,,,,,,,,,,,,,,
64,1,GSM,GSM,CREATE,RMV,GSM - RMV - G900 -> U21f2 - CO SECTOR,RMV - G900 -> U21f2,G09-1,U21-2,CO SECTOR,U09-1,U21-1,U09-1 U21-1,U21-1 U21-2,U09-1 U21-1 U21-2,U09-1 U21-2 U21-3,U21-1 U21-2 U21-3,U09-1 U21-1 U21-2 U21-3,U09-1 U21-1 L18-1,U09-1 U21-1 U21-2 L18-1,U09-1 U21-1 U21-2 U21-3 L18-1,,,,,,,,,,"G3GNCELL: IDTYPE=BYID, SRC3GNCELLID=",G9_Index,", NBR3GNCELLID=",nU21f2_Index,;,,,,,,{,BSC,},,,,,,,,,,,,,,,,,
65,1,GSM,GSM,CREATE,RMV,GSM - RMV - G900 -> U21f3 - ADJ CELL,RMV - G900 -> U21f3,G09-1,U21-3,ADJ CELL,U09-1,U21-1,U09-1 U21-1,U21-1 U21-2,U09-1 U21-1 U21-2,U09-1 U21-2 U21-3,U21-1 U21-2 U21-3,U09-1 U21-1 U21-2 U21-3,U09-1 U21-1 L18-1,U09-1 U21-1 U21-2 L18-1,U09-1 U21-1 U21-2 U21-3 L18-1,,,,,,,,,,"G3GNCELL: IDTYPE=BYID, SRC3GNCELLID=",G9_Index,", NBR3GNCELLID=",nU21f3_Index,;,,,,,,{,BSC,},,,,,,,,,,,,,,,,,
66,1,GSM,GSM,CREATE,RMV,GSM - RMV - G900 -> U21f3 - CO SECTOR,RMV - G900 -> U21f3,G09-1,U21-3,CO SECTOR,U09-1,U21-1,U09-1 U21-1,U21-1 U21-2,U09-1 U21-1 U21-2,U09-1 U21-2 U21-3,U21-1 U21-2 U21-3,U09-1 U21-1 U21-2 U21-3,U09-1 U21-1 L18-1,U09-1 U21-1 U21-2 L18-1,U09-1 U21-1 U21-2 U21-3 L18-1,,,,,,,,,,"G3GNCELL: IDTYPE=BYID, SRC3GNCELLID=",G9_Index,", NBR3GNCELLID=",nU21f3_Index,;,,,,,,{,BSC,},,,,,,,,,,,,,,,,,
67,1,GSM,GSM,CREATE,RMV,GSM - RMV - G18 -> U21f2 - ADJ CELL,RMV - G18 -> U21f2,G18-1,U21-2,ADJ CELL,U09-1,U21-1,U09-1 U21-1,U21-1 U21-2,U09-1 U21-1 U21-2,U09-1 U21-2 U21-3,U21-1 U21-2 U21-3,U09-1 U21-1 U21-2 U21-3,U09-1 U21-1 L18-1,U09-1 U21-1 U21-2 L18-1,U09-1 U21-1 U21-2 U21-3 L18-1,,,,,,,,,,"G3GNCELL: IDTYPE=BYID, SRC3GNCELLID=",G18_Index,", NBR3GNCELLID=",nU21f2_Index,;,,,,,,{,BSC,},,,,,,,,,,,,,,,,,
68,1,GSM,GSM,CREATE,RMV,GSM - RMV - G18 -> U21f2 - CO SECTOR,RMV - G18 -> U21f2,G18-1,U21-2,CO SECTOR,U09-1,U21-1,U09-1 U21-1,U21-1 U21-2,U09-1 U21-1 U21-2,U09-1 U21-2 U21-3,U21-1 U21-2 U21-3,U09-1 U21-1 U21-2 U21-3,U09-1 U21-1 L18-1,U09-1 U21-1 U21-2 L18-1,U09-1 U21-1 U21-2 U21-3 L18-1,,,,,,,,,,"G3GNCELL: IDTYPE=BYID, SRC3GNCELLID=",G18_Index,", NBR3GNCELLID=",nU21f2_Index,;,,,,,,{,BSC,},,,,,,,,,,,,,,,,,
69,1,GSM,GSM,CREATE,RMV,GSM - RMV - G18 -> U21f3 - ADJ CELL,RMV - G18 -> U21f3,G18-1,U21-3,ADJ CELL,U09-1,U21-1,U09-1 U21-1,U21-1 U21-2,U09-1 U21-1 U21-2,U09-1 U21-2 U21-3,U21-1 U21-2 U21-3,U09-1 U21-1 U21-2 U21-3,U09-1 U21-1 L18-1,U09-1 U21-1 U21-2 L18-1,U09-1 U21-1 U21-2 U21-3 L18-1,,,,,,,,,,"G3GNCELL: IDTYPE=BYID, SRC3GNCELLID=",G18_Index,", NBR3GNCELLID=",nU21f3_Index,;,,,,,,{,BSC,},,,,,,,,,,,,,,,,,
70,1,GSM,GSM,CREATE,RMV,GSM - RMV - G18 -> U21f3 - CO SECTOR,RMV - G18 -> U21f3,G18-1,U21-3,CO SECTOR,U09-1,U21-1,U09-1 U21-1,U21-1 U21-2,U09-1 U21-1 U21-2,U09-1 U21-2 U21-3,U21-1 U21-2 U21-3,U09-1 U21-1 U21-2 U21-3,U09-1 U21-1 L18-1,U09-1 U21-1 U21-2 L18-1,U09-1 U21-1 U21-2 U21-3 L18-1,,,,,,,,,,"G3GNCELL: IDTYPE=BYID, SRC3GNCELLID=",G18_Index,", NBR3GNCELLID=",nU21f3_Index,;,,,,,,{,BSC,},,,,,,,,,,,,,,,,,
71,1,GSM,GSM,CREATE,ADD,GSM - G900 -> G900 - ADJ CELL,G900 -> G900,G09-1,G09-1,ADJ CELL,U09-1,U21-1,U09-1 U21-1,U21-1 U21-2,U09-1 U21-1 U21-2,U09-1 U21-2 U21-3,U21-1 U21-2 U21-3,U09-1 U21-1 U21-2 U21-3,U09-1 U21-1 L18-1,U09-1 U21-1 U21-2 L18-1,U09-1 U21-1 U21-2 U21-3 L18-1,,,,,,,,,,"G2GNCELL: IDTYPE=BYID, SRC2GNCELLID=",G9_Index,", NBR2GNCELLID=",nG9_Index,;,,,,,,{,BSC,},,,,,,,,,,,,,,,,,
72,1,GSM,GSM,CREATE,ADD,GSM - G900 -> G18 - CO SECTOR,G900 -> G18,G09-1,G18-1,CO SECTOR,U09-1,U21-1,U09-1 U21-1,U21-1 U21-2,U09-1 U21-1 U21-2,U09-1 U21-2 U21-3,U21-1 U21-2 U21-3,U09-1 U21-1 U21-2 U21-3,U09-1 U21-1 L18-1,U09-1 U21-1 U21-2 L18-1,U09-1 U21-1 U21-2 U21-3 L18-1,,,,,,,,,,"G2GNCELL: IDTYPE=BYID, SRC2GNCELLID=",G9_Index,", NBR2GNCELLID=",nG18_Index,;,,,,,,{,BSC,},,,,,,,,,,,,,,,,,
73,1,GSM,GSM,CREATE,ADD,GSM - G900 -> U900 - ADJ CELL,G900 -> U900,G09-1,U09-1,ADJ CELL,U09-1,U21-1,U09-1 U21-1,U21-1 U21-2,U09-1 U21-1 U21-2,U09-1 U21-2 U21-3,U21-1 U21-2 U21-3,U09-1 U21-1 U21-2 U21-3,U09-1 U21-1 L18-1,U09-1 U21-1 U21-2 L18-1,U09-1 U21-1 U21-2 U21-3 L18-1,,,,,,,,,,"G3GNCELL: IDTYPE=BYID, SRC3GNCELLID=",G9_Index,", NBR3GNCELLID=",nU9_Index,;,,,,,,{,BSC,},,,,,,,,,,,,,,,,,
74,1,GSM,GSM,CREATE,ADD,GSM - G900 -> U900 - CO SECTOR,G900 -> U900,G09-1,U09-1,CO SECTOR,U09-1,U21-1,U09-1 U21-1,U21-1 U21-2,U09-1 U21-1 U21-2,U09-1 U21-2 U21-3,U21-1 U21-2 U21-3,U09-1 U21-1 U21-2 U21-3,U09-1 U21-1 L18-1,U09-1 U21-1 U21-2 L18-1,U09-1 U21-1 U21-2 U21-3 L18-1,,,,,,,,,,"G3GNCELL: IDTYPE=BYID, SRC3GNCELLID=",G9_Index,", NBR3GNCELLID=",nU9_Index,;,,,,,,{,BSC,},,,,,,,,,,,,,,,,,
75,1,GSM,GSM,CREATE,RMV,GSM - G900 -> U21f1 - ADJ CELL,G900 -> U21f1,G09-1,U21-1,ADJ CELL,U09-1,U21-1,U09-1 U21-1,U21-1 U21-2,U09-1 U21-1 U21-2,U09-1 U21-2 U21-3,U21-1 U21-2 U21-3,U09-1 U21-1 U21-2 U21-3,U09-1 U21-1 L18-1,U09-1 U21-1 U21-2 L18-1,U09-1 U21-1 U21-2 U21-3 L18-1,,,,,,,,,,"G3GNCELL: IDTYPE=BYID, SRC3GNCELLID=",G9_Index,", NBR3GNCELLID=",nU21f1_Index,;,,,,,,{,BSC,},,,,,,,,,,,,,,,,,
76,1,GSM,GSM,CREATE,ADD,GSM - G900 -> U21f1 - CO SECTOR,G900 -> U21f1,G09-1,U21-1,CO SECTOR,U09-1,U21-1,U09-1 U21-1,U21-1 U21-2,U09-1 U21-1 U21-2,U09-1 U21-2 U21-3,U21-1 U21-2 U21-3,U09-1 U21-1 U21-2 U21-3,U09-1 U21-1 L18-1,U09-1 U21-1 U21-2 L18-1,U09-1 U21-1 U21-2 U21-3 L18-1,,,,,,,,,,"G3GNCELL: IDTYPE=BYID, SRC3GNCELLID=",G9_Index,", NBR3GNCELLID=",nU21f1_Index,;,,,,,,{,BSC,},,,,,,,,,,,,,,,,,
77,1,GSM,GSM,CREATE,ADD,GSM - G18 -> G18 - ADJ CELL,G18 -> G18,G18-1,G18-1,ADJ CELL,U09-1,U21-1,U09-1 U21-1,U21-1 U21-2,U09-1 U21-1 U21-2,U09-1 U21-2 U21-3,U21-1 U21-2 U21-3,U09-1 U21-1 U21-2 U21-3,U09-1 U21-1 L18-1,U09-1 U21-1 U21-2 L18-1,U09-1 U21-1 U21-2 U21-3 L18-1,,,,,,,,,,"G2GNCELL: IDTYPE=BYID, SRC2GNCELLID=",G18_Index,", NBR2GNCELLID=",nG18_Index,;,,,,,,{,BSC,},,,,,,,,,,,,,,,,,
78,1,GSM,GSM,CREATE,ADD,GSM - G18 -> G900 - CO SECTOR,G18 -> G900,G18-1,G09-1,CO SECTOR,U09-1,U21-1,U09-1 U21-1,U21-1 U21-2,U09-1 U21-1 U21-2,U09-1 U21-2 U21-3,U21-1 U21-2 U21-3,U09-1 U21-1 U21-2 U21-3,U09-1 U21-1 L18-1,U09-1 U21-1 U21-2 L18-1,U09-1 U21-1 U21-2 U21-3 L18-1,,,,,,,,,,"G2GNCELL: IDTYPE=BYID, SRC2GNCELLID=",G18_Index,", NBR2GNCELLID=",nG9_Index,;,,,,,,{,BSC,},,,,,,,,,,,,,,,,,
79,1,GSM,GSM,CREATE,ADD,GSM - G18 -> U900 - CO SECTOR,G18 -> U900,G18-1,U09-1,CO SECTOR,U09-1,U21-1,U09-1 U21-1,U21-1 U21-2,U09-1 U21-1 U21-2,U09-1 U21-2 U21-3,U21-1 U21-2 U21-3,U09-1 U21-1 U21-2 U21-3,U09-1 U21-1 L18-1,U09-1 U21-1 U21-2 L18-1,U09-1 U21-1 U21-2 U21-3 L18-1,,,,,,,,,,"G3GNCELL: IDTYPE=BYID, SRC3GNCELLID=",G18_Index,", NBR3GNCELLID=",nU9_Index,;,,,,,,{,BSC,},,,,,,,,,,,,,,,,,
80,1,GSM,GSM,CREATE,ADD,GSM - G18 -> U21f1 - CO SECTOR,G18 -> U21f1,G18-1,U21-1,CO SECTOR,U09-1,U21-1,U09-1 U21-1,U21-1 U21-2,U09-1 U21-1 U21-2,U09-1 U21-2 U21-3,U21-1 U21-2 U21-3,U09-1 U21-1 U21-2 U21-3,U09-1 U21-1 L18-1,U09-1 U21-1 U21-2 L18-1,U09-1 U21-1 U21-2 U21-3 L18-1,,,,,,,,,,"G3GNCELL: IDTYPE=BYID, SRC3GNCELLID=",G18_Index,", NBR3GNCELLID=",nU21f1_Index,;,,,,,,{,BSC,},,,,,,,,,,,,,,,,,
81,1,LTE,LTE,CREATE,ADD,LTE - L18 ExtDef - ADJ CELL,L18 ExtDef,L18-1,L18-1,ADJ CELL,U09-1,U21-1,U09-1 U21-1,U21-1 U21-2,U09-1 U21-1 U21-2,U09-1 U21-2 U21-3,U21-1 U21-2 U21-3,U09-1 U21-1 U21-2 U21-3,U09-1 U21-1 L18-1,U09-1 U21-1 U21-2 L18-1,U09-1 U21-1 U21-2 U21-3 L18-1,,,,,,,,,,"EUTRANEXTERNALCELL: MCC=""530"", MNC=""24"", eNodeBId=",nL18_enodeB_ID,", CellId=",nL18_CID,", DlEarfcn=",nDlEarfcn_L18-1,", PhyCellId=",nL18_PhyCellId,", Tac=",nL18_TAC,;{,L18_nodebName,},,,,,,,,,,,,,,,,,
82,1,LTE,LTE,CREATE,ADD,LTE - L18 -> L18 - ADJ CELL,L18 -> L18,L18-1,L18-1,ADJ CELL,U09-1,U21-1,U09-1 U21-1,U21-1 U21-2,U09-1 U21-1 U21-2,U09-1 U21-2 U21-3,U21-1 U21-2 U21-3,U09-1 U21-1 U21-2 U21-3,U09-1 U21-1 L18-1,U09-1 U21-1 U21-2 L18-1,U09-1 U21-1 U21-2 U21-3 L18-1,,,,,,,,,,EUTRANINTRAFREQNCELL: LocalCellId=,L18_LocalCellID,", Mcc=""530"", MNC=""24"", eNodeBId=",nL18_enodeB_ID,", CellId=",nL18_CID,", NoHoFlag=PERMIT_HO_ENUM, NoRmvFlag=FORBID_RMV_ENUM, LocalCellName=""",L18_cellName,""", NeighbourCellName= """,nL18_cellName,""";{",L18_nodebName,},,,,,,,,,,,,,,,,,
83,1,LTE,LTE,CREATE,ADD,LTE - U21 ExtDef - CO SECTOR,U21 ExtDef,L18-1,U21-1,CO SECTOR,U09-1,U21-1,U09-1 U21-1,U21-1 U21-2,U09-1 U21-1 U21-2,U09-1 U21-2 U21-3,U21-1 U21-2 U21-3,U09-1 U21-1 U21-2 U21-3,U09-1 U21-1 L18-1,U09-1 U21-1 U21-2 L18-1,U09-1 U21-1 U21-2 U21-3 L18-1,,,,,,,,,,"UTRANEXTERNALCELL: MCC=""530"", MNC=""24"", RncId=",nRNC_ID,", CellId=",nU21f1_CID,", UtranDlArfcn=",nU21f1_DL_UARCFN,", UtranUlArfcnCfgInd=NOT_CFG, UtranFddTddType=UTRAN_FDD, RacCfgInd=CFG, Rac=",nU21f1_RAC,", PScrambCode=",nU21f1_SC,", Lac=",nU21f1_LAC,", CellName=""",nU21f1_CellName,""";{",L18_nodebName,},,,,,,,,,,,,,
84,1,LTE,LTE,CREATE,ADD,LTE - L18 -> U21 - CO SECTOR,L18 -> U21,L18-1,U21-1,CO SECTOR,U09-1,U21-1,U09-1 U21-1,U21-1 U21-2,U09-1 U21-1 U21-2,U09-1 U21-2 U21-3,U21-1 U21-2 U21-3,U09-1 U21-1 U21-2 U21-3,U09-1 U21-1 L18-1,U09-1 U21-1 U21-2 L18-1,U09-1 U21-1 U21-2 U21-3 L18-1,,,,,,,,,,UTRANNCELL: LocalCellId=,L18_LocalCellID,", MCC=""530"", MNC=""24"", RncId=",nRNC_ID,", CellId=",nU21f1_CID,", BlindHoPriority=0;{",L18_nodebName,},,,,,,,,,,,,,,,,,,,,,
85,1,LTE,LTE,CREATE,ADD,LTE - U21 ExtDef - ADJ CELL,U21 ExtDef,L18-1,U21-1,ADJ CELL,U09-1,U21-1,U09-1 U21-1,U21-1 U21-2,U09-1 U21-1 U21-2,U09-1 U21-2 U21-3,U21-1 U21-2 U21-3,U09-1 U21-1 U21-2 U21-3,U09-1 U21-1 L18-1,U09-1 U21-1 U21-2 L18-1,U09-1 U21-1 U21-2 U21-3 L18-1,,,,,,,,,,"UTRANEXTERNALCELL: MCC=""530"", MNC=""24"", RncId=",nRNC_ID,", CellId=",nU21f1_CID,", UtranDlArfcn=",nU21f1_DL_UARCFN,", UtranUlArfcnCfgInd=NOT_CFG, UtranFddTddType=UTRAN_FDD, RacCfgInd=CFG, Rac=",nU21f1_RAC,", PScrambCode=",nU21f1_SC,", Lac=",nU21f1_LAC,", CellName=""",nU21f1_CellName,""";{",L18_nodebName,},,,,,,,,,,,,,
86,1,LTE,LTE,CREATE,ADD,LTE - L18 -> U21 - ADJ CELL,L18 -> U21,L18-1,U21-1,ADJ CELL,U09-1,U21-1,U09-1 U21-1,U21-1 U21-2,U09-1 U21-1 U21-2,U09-1 U21-2 U21-3,U21-1 U21-2 U21-3,U09-1 U21-1 U21-2 U21-3,U09-1 U21-1 L18-1,U09-1 U21-1 U21-2 L18-1,U09-1 U21-1 U21-2 U21-3 L18-1,,,,,,,,,,UTRANNCELL: LocalCellId=,L18_LocalCellID,", MCC=""530"", MNC=""24"", RncId=",nRNC_ID,", CellId=",nU21f1_CID,", BlindHoPriority=0;{",L18_nodebName,},,,,,,,,,,,,,,,,,,,,,
87,1,LTE,LTE,CREATE,ADD,LTE - U9 Extdef - ADJ CELL,U9 Extdef,L18-1,U09-1,ADJ CELL,U09-1,U21-1,U09-1 U21-1,U21-1 U21-2,U09-1 U21-1 U21-2,U09-1 U21-2 U21-3,U21-1 U21-2 U21-3,U09-1 U21-1 U21-2 U21-3,U09-1 U21-1 L18-1,U09-1 U21-1 U21-2 L18-1,U09-1 U21-1 U21-2 U21-3 L18-1,,,,,,,,,,"UTRANEXTERNALCELL: MCC=""530"", MNC=""24"", RncId=",nRNC_ID,", CellId=",nU9_CID,", UtranDlArfcn=",nU9_DL_UARCFN,", UtranUlArfcnCfgInd=NOT_CFG, UtranFddTddType=UTRAN_FDD, RacCfgInd=CFG, Rac=",nU9_RAC,", PScrambCode=",nU9_SC,", Lac=",nU9_LAC,", CellName=""",nU9_CellName,""";{",L18_nodebName,},,,,,,,,,,,,,
88,1,LTE,LTE,CREATE,ADD,LTE - L18 -> U09 - ADJ CELL,L18 -> U09,L18-1,U09-1,ADJ CELL,U09-1,U21-1,U09-1 U21-1,U21-1 U21-2,U09-1 U21-1 U21-2,U09-1 U21-2 U21-3,U21-1 U21-2 U21-3,U09-1 U21-1 U21-2 U21-3,U09-1 U21-1 L18-1,U09-1 U21-1 U21-2 L18-1,U09-1 U21-1 U21-2 U21-3 L18-1,,,,,,,,,,UTRANNCELL: LocalCellId=,L18_LocalCellID,", MCC=""530"", MNC=""24"", RncId=",nRNC_ID,", CellId=",nU9_CID,", BlindHoPriority=0;{",L18_nodebName,},,,,,,,,,,,,,,,,,,,,,
89,1,LTE,LTE,CREATE,ADD,LTE - U9 Extdef - CO SECTOR,U9 Extdef,L18-1,U09-1,CO SECTOR,U09-1,U21-1,U09-1 U21-1,U21-1 U21-2,U09-1 U21-1 U21-2,U09-1 U21-2 U21-3,U21-1 U21-2 U21-3,U09-1 U21-1 U21-2 U21-3,U09-1 U21-1 L18-1,U09-1 U21-1 U21-2 L18-1,U09-1 U21-1 U21-2 U21-3 L18-1,,,,,,,,,,"UTRANEXTERNALCELL: MCC=""530"", MNC=""24"", RncId=",nRNC_ID,", CellId=",nU9_CID,", UtranDlArfcn=",nU9_DL_UARCFN,", UtranUlArfcnCfgInd=NOT_CFG, UtranFddTddType=UTRAN_FDD, RacCfgInd=CFG, Rac=",nU9_RAC,", PScrambCode=",nU9_SC,", Lac=",nU9_LAC,", CellName=""",nU9_CellName,""";{",L18_nodebName,},,,,,,,,,,,,,
90,1,LTE,LTE,CREATE,ADD,LTE - L18 -> U09 - CO SECTOR,L18 -> U09,L18-1,U09-1,CO SECTOR,U09-1,U21-1,U09-1 U21-1,U21-1 U21-2,U09-1 U21-1 U21-2,U09-1 U21-2 U21-3,U21-1 U21-2 U21-3,U09-1 U21-1 U21-2 U21-3,U09-1 U21-1 L18-1,U09-1 U21-1 U21-2 L18-1,U09-1 U21-1 U21-2 U21-3 L18-1,,,,,,,,,,UTRANNCELL: LocalCellId=,L18_LocalCellID,", MCC=""530"", MNC=""24"", RncId=",nRNC_ID,", CellId=",nU9_CID,", BlindHoPriority=20;{",L18_nodebName,},,,,,,,,,,,,,,,,,,,,,
91,1,LTE,UMTS,IGNORE,ADD,UMTS - U9 -> L18 SIB SWITCH - neighbouring cell - ADJ CELL,U9 -> L18 SIB SWITCH,U09-1,L18-1,ADJ CELL,U09-1,U21-1,U09-1 U21-1,U21-1 U21-2,U09-1 U21-1 U21-2,U09-1 U21-2 U21-3,U21-1 U21-2 U21-3,U09-1 U21-1 U21-2 U21-3,U09-1 U21-1 L18-1,U09-1 U21-1 U21-2 L18-1,U09-1 U21-1 U21-2 U21-3 L18-1,,,,,,,,,,UCELLSIBSWITCH: CellId=,U9_CID,", SibCfgBitMap=SIB19-1;",,{,RNC,},,,,,,,,,,,,,,,,,,,,,,,
92,1,LTE,UMTS,IGNORE,ADD,UMTS - U21-1 -> L18 SIB SWITCH - neighbouring cell - ADJ CELL,U21-1 -> L18 SIB SWITCH,U21-1,L18-1,ADJ CELL,U09-1,U21-1,U09-1 U21-1,U21-1 U21-2,U09-1 U21-1 U21-2,U09-1 U21-2 U21-3,U21-1 U21-2 U21-3,U09-1 U21-1 U21-2 U21-3,U09-1 U21-1 L18-1,U09-1 U21-1 U21-2 L18-1,U09-1 U21-1 U21-2 U21-3 L18-1,,,,,,,,,,UCELLSIBSWITCH: CellId=,U21f1_CID,", SibCfgBitMap=SIB19-1;",,{,RNC,},,,,,,,,,,,,,,,,,,,,,,,
93,1,LTE,UMTS,IGNORE,ADD,UMTS - U21-2 -> L18 SIB SWITCH - neighbouring cell - ADJ CELL,U21-2 -> L18 SIB SWITCH,U21-2,L18-1,ADJ CELL,U09-1,U21-1,U09-1 U21-1,U21-1 U21-2,U09-1 U21-1 U21-2,U09-1 U21-2 U21-3,U21-1 U21-2 U21-3,U09-1 U21-1 U21-2 U21-3,U09-1 U21-1 L18-1,U09-1 U21-1 U21-2 L18-1,U09-1 U21-1 U21-2 U21-3 L18-1,,,,,,,,,,UCELLSIBSWITCH: CellId=,U21f2_CID,", SibCfgBitMap=SIB19-1;",,{,RNC,},,,,,,,,,,,,,,,,,,,,,,,
94,1,LTE,UMTS,IGNORE,ADD,UMTS - U21-3 -> L18 SIB SWITCH - neighbouring cell - ADJ CELL,U21-3 -> L18 SIB SWITCH,U21-3,L18-1,ADJ CELL,U09-1,U21-1,U09-1 U21-1,U21-1 U21-2,U09-1 U21-1 U21-2,U09-1 U21-2 U21-3,U21-1 U21-2 U21-3,U09-1 U21-1 U21-2 U21-3,U09-1 U21-1 L18-1,U09-1 U21-1 U21-2 L18-1,U09-1 U21-1 U21-2 U21-3 L18-1,,,,,,,,,,UCELLSIBSWITCH: CellId=,U21f3_CID,", SibCfgBitMap=SIB19-1;",,{,RNC,},,,,,,,,,,,,,,,,,,,,,,,
95,1,LTE,UMTS,CREATE,ADD,UMTS - U9 -> L18 SIB SWITCH - same cell - CO SECTOR,U9 -> L18 SIB SWITCH,U09-1,L18-1,CO SECTOR,U09-1,U21-1,U09-1 U21-1,U21-1 U21-2,U09-1 U21-1 U21-2,U09-1 U21-2 U21-3,U21-1 U21-2 U21-3,U09-1 U21-1 U21-2 U21-3,U09-1 U21-1 L18-1,U09-1 U21-1 U21-2 L18-1,U09-1 U21-1 U21-2 U21-3 L18-1,,,,,,,,,,UCELLSIBSWITCH: CellId=,U9_CID,", SibCfgBitMap=SIB19-1;",,{,RNC,},,,,,,,,,,,,,,,,,,,,,,,
96,1,LTE,UMTS,CREATE,ADD,UMTS - U21-1 -> L18 SIB SWITCH - same cell - CO SECTOR,U21-1 -> L18 SIB SWITCH,U21-1,L18-1,CO SECTOR,U09-1,U21-1,U09-1 U21-1,U21-1 U21-2,U09-1 U21-1 U21-2,U09-1 U21-2 U21-3,U21-1 U21-2 U21-3,U09-1 U21-1 U21-2 U21-3,U09-1 U21-1 L18-1,U09-1 U21-1 U21-2 L18-1,U09-1 U21-1 U21-2 U21-3 L18-1,,,,,,,,,,UCELLSIBSWITCH: CellId=,U21f1_CID,", SibCfgBitMap=SIB19-1;",,{,RNC,},,,,,,,,,,,,,,,,,,,,,,,
97,1,LTE,UMTS,CREATE,ADD,UMTS - U21-2 -> L18 SIB SWITCH - same cell - CO SECTOR,U21-2 -> L18 SIB SWITCH,U21-2,L18-1,CO SECTOR,U09-1,U21-1,U09-1 U21-1,U21-1 U21-2,U09-1 U21-1 U21-2,U09-1 U21-2 U21-3,U21-1 U21-2 U21-3,U09-1 U21-1 U21-2 U21-3,U09-1 U21-1 L18-1,U09-1 U21-1 U21-2 L18-1,U09-1 U21-1 U21-2 U21-3 L18-1,,,,,,,,,,UCELLSIBSWITCH: CellId=,U21f2_CID,", SibCfgBitMap=SIB19-1;",,{,RNC,},,,,,,,,,,,,,,,,,,,,,,,
98,1,LTE,UMTS,CREATE,ADD,UMTS - U21-3 -> L18 SIB SWITCH - same cell - CO SECTOR,U21-3 -> L18 SIB SWITCH,U21-3,L18-1,CO SECTOR,U09-1,U21-1,U09-1 U21-1,U21-1 U21-2,U09-1 U21-1 U21-2,U09-1 U21-2 U21-3,U21-1 U21-2 U21-3,U09-1 U21-1 U21-2 U21-3,U09-1 U21-1 L18-1,U09-1 U21-1 U21-2 L18-1,U09-1 U21-1 U21-2 U21-3 L18-1,,,,,,,,,,UCELLSIBSWITCH: CellId=,U21f3_CID,", SibCfgBitMap=SIB19-1;",,{,RNC,},,,,,,,,,,,,,,,,,,,,,,,
99,1,LTE,UMTS,IGNORE,MOD,UMTS MOD - U9 -> L18 SIB SWITCH - neighbouring cell - ADJ CELL,U9 -> L18 SIB SWITCH,U09-1,L18-1,ADJ CELL,U09-1,U21-1,U09-1 U21-1,U21-1 U21-2,U09-1 U21-1 U21-2,U09-1 U21-2 U21-3,U21-1 U21-2 U21-3,U09-1 U21-1 U21-2 U21-3,U09-1 U21-1 L18-1,U09-1 U21-1 U21-2 L18-1,U09-1 U21-1 U21-2 U21-3 L18-1,,,,,,,,,,UCELLSIBSWITCH: CellId=,U9_CID,", SibCfgBitMap=SIB19-1;",,{,RNC,},,,,,,,,,,,,,,,,,,,,,,,
100,1,LTE,UMTS,IGNORE,MOD,UMTS MOD - U21-1 -> L18 SIB SWITCH - neighbouring cell - ADJ CELL,U21-1 -> L18 SIB SWITCH,U21-1,L18-1,ADJ CELL,U09-1,U21-1,U09-1 U21-1,U21-1 U21-2,U09-1 U21-1 U21-2,U09-1 U21-2 U21-3,U21-1 U21-2 U21-3,U09-1 U21-1 U21-2 U21-3,U09-1 U21-1 L18-1,U09-1 U21-1 U21-2 L18-1,U09-1 U21-1 U21-2 U21-3 L18-1,,,,,,,,,,UCELLSIBSWITCH: CellId=,U21f1_CID,", SibCfgBitMap=SIB19-1;",,{,RNC,},,,,,,,,,,,,,,,,,,,,,,,
101,1,LTE,UMTS,IGNORE,MOD,UMTS MOD - U21-2 -> L18 SIB SWITCH - neighbouring cell - ADJ CELL,U21-2 -> L18 SIB SWITCH,U21-2,L18-1,ADJ CELL,U09-1,U21-1,U09-1 U21-1,U21-1 U21-2,U09-1 U21-1 U21-2,U09-1 U21-2 U21-3,U21-1 U21-2 U21-3,U09-1 U21-1 U21-2 U21-3,U09-1 U21-1 L18-1,U09-1 U21-1 U21-2 L18-1,U09-1 U21-1 U21-2 U21-3 L18-1,,,,,,,,,,UCELLSIBSWITCH: CellId=,U21f2_CID,", SibCfgBitMap=SIB19-1;",,{,RNC,},,,,,,,,,,,,,,,,,,,,,,,
102,1,LTE,UMTS,IGNORE,MOD,UMTS MOD - U21-3 -> L18 SIB SWITCH - neighbouring cell - ADJ CELL,U21-3 -> L18 SIB SWITCH,U21-3,L18-1,ADJ CELL,U09-1,U21-1,U09-1 U21-1,U21-1 U21-2,U09-1 U21-1 U21-2,U09-1 U21-2 U21-3,U21-1 U21-2 U21-3,U09-1 U21-1 U21-2 U21-3,U09-1 U21-1 L18-1,U09-1 U21-1 U21-2 L18-1,U09-1 U21-1 U21-2 U21-3 L18-1,,,,,,,,,,UCELLSIBSWITCH: CellId=,U21f3_CID,", SibCfgBitMap=SIB19-1;",,{,RNC,},,,,,,,,,,,,,,,,,,,,,,,
103,1,LTE,UMTS,CREATE,MOD,UMTS MOD - U9 -> L18 SIB SWITCH - same cell - CO SECTOR,U9 -> L18 SIB SWITCH,U09-1,L18-1,CO SECTOR,U09-1,U21-1,U09-1 U21-1,U21-1 U21-2,U09-1 U21-1 U21-2,U09-1 U21-2 U21-3,U21-1 U21-2 U21-3,U09-1 U21-1 U21-2 U21-3,U09-1 U21-1 L18-1,U09-1 U21-1 U21-2 L18-1,U09-1 U21-1 U21-2 U21-3 L18-1,,,,,,,,,,UCELLSIBSWITCH: CellId=,U9_CID,", SibCfgBitMap=SIB19-1;",,{,RNC,},,,,,,,,,,,,,,,,,,,,,,,
104,1,LTE,UMTS,CREATE,MOD,UMTS MOD - U21-1 -> L18 SIB SWITCH - same cell - CO SECTOR,U21-1 -> L18 SIB SWITCH,U21-1,L18-1,CO SECTOR,U09-1,U21-1,U09-1 U21-1,U21-1 U21-2,U09-1 U21-1 U21-2,U09-1 U21-2 U21-3,U21-1 U21-2 U21-3,U09-1 U21-1 U21-2 U21-3,U09-1 U21-1 L18-1,U09-1 U21-1 U21-2 L18-1,U09-1 U21-1 U21-2 U21-3 L18-1,,,,,,,,,,UCELLSIBSWITCH: CellId=,U21f1_CID,", SibCfgBitMap=SIB19-1;",,{,RNC,},,,,,,,,,,,,,,,,,,,,,,,
105,1,LTE,UMTS,CREATE,MOD,UMTS MOD - U21-2 -> L18 SIB SWITCH - same cell - CO SECTOR,U21-2 -> L18 SIB SWITCH,U21-2,L18-1,CO SECTOR,U09-1,U21-1,U09-1 U21-1,U21-1 U21-2,U09-1 U21-1 U21-2,U09-1 U21-2 U21-3,U21-1 U21-2 U21-3,U09-1 U21-1 U21-2 U21-3,U09-1 U21-1 L18-1,U09-1 U21-1 U21-2 L18-1,U09-1 U21-1 U21-2 U21-3 L18-1,,,,,,,,,,UCELLSIBSWITCH: CellId=,U21f2_CID,", SibCfgBitMap=SIB19-1;",,{,RNC,},,,,,,,,,,,,,,,,,,,,,,,
106,1,LTE,UMTS,CREATE,MOD,UMTS MOD - U21-3 -> L18 SIB SWITCH - same cell - CO SECTOR,U21-3 -> L18 SIB SWITCH,U21-3,L18-1,CO SECTOR,U09-1,U21-1,U09-1 U21-1,U21-1 U21-2,U09-1 U21-1 U21-2,U09-1 U21-2 U21-3,U21-1 U21-2 U21-3,U09-1 U21-1 U21-2 U21-3,U09-1 U21-1 L18-1,U09-1 U21-1 U21-2 L18-1,U09-1 U21-1 U21-2 U21-3 L18-1,,,,,,,,,,UCELLSIBSWITCH: CellId=,U21f3_CID,", SibCfgBitMap=SIB19-1;",,{,RNC,},,,,,,,,,,,,,,,,,,,,,,,
107,1,LTE,UMTS,IGNORE,ADD,UMTS - U9 -> L18 UCELLNFREQPRIOINFO - neighbouring cell - ADJ CELL,U9 -> L18 UCELLNFREQPRIOINFO,U09-1,L18-1,ADJ CELL,U09-1,U21-1,U09-1 U21-1,U21-1 U21-2,U09-1 U21-1 U21-2,U09-1 U21-2 U21-3,U21-1 U21-2 U21-3,U09-1 U21-1 U21-2 U21-3,U09-1 U21-1 L18-1,U09-1 U21-1 U21-2 L18-1,U09-1 U21-1 U21-2 U21-3 L18-1,,,,,,,,,,UCELLNFREQPRIOINFO: CellId=,U9_CID,", EARFCN=1350, NPriority=6, ThdToHigh=8, EMeasBW=D100, EQrxlevmin=-64, EDetectInd=TRUE;",,{,RNC,},,,,,,,,,,,,,,,,,,,,,,,
108,1,LTE,UMTS,IGNORE,ADD,UMTS - U21-1 -> L18 UCELLNFREQPRIOINFO - neighbouring cell - ADJ CELL,U21-1 -> L18 UCELLNFREQPRIOINFO,U21-1,L18-1,ADJ CELL,U09-1,U21-1,U09-1 U21-1,U21-1 U21-2,U09-1 U21-1 U21-2,U09-1 U21-2 U21-3,U21-1 U21-2 U21-3,U09-1 U21-1 U21-2 U21-3,U09-1 U21-1 L18-1,U09-1 U21-1 U21-2 L18-1,U09-1 U21-1 U21-2 U21-3 L18-1,,,,,,,,,,UCELLNFREQPRIOINFO: CellId=,U21f1_CID,", EARFCN=1350, NPriority=6, ThdToHigh=8, EMeasBW=D100, EQrxlevmin=-64, EDetectInd=TRUE;",,{,RNC,},,,,,,,,,,,,,,,,,,,,,,,
109,1,LTE,UMTS,IGNORE,ADD,UMTS - U21-2 -> L18 UCELLNFREQPRIOINFO - neighbouring cell - ADJ CELL,U21-2 -> L18 UCELLNFREQPRIOINFO,U21-2,L18-1,ADJ CELL,U09-1,U21-1,U09-1 U21-1,U21-1 U21-2,U09-1 U21-1 U21-2,U09-1 U21-2 U21-3,U21-1 U21-2 U21-3,U09-1 U21-1 U21-2 U21-3,U09-1 U21-1 L18-1,U09-1 U21-1 U21-2 L18-1,U09-1 U21-1 U21-2 U21-3 L18-1,,,,,,,,,,UCELLNFREQPRIOINFO: CellId=,U21f2_CID,", EARFCN=1350, NPriority=6, ThdToHigh=8, EMeasBW=D100, EQrxlevmin=-64, EDetectInd=TRUE;",,{,RNC,},,,,,,,,,,,,,,,,,,,,,,,
110,1,LTE,UMTS,IGNORE,ADD,UMTS - U21-3-> L18 UCELLNFREQPRIOINFO - neighbouring cell - ADJ CELL,U21-3-> L18 UCELLNFREQPRIOINFO,U21-3,L18-1,ADJ CELL,U09-1,U21-1,U09-1 U21-1,U21-1 U21-2,U09-1 U21-1 U21-2,U09-1 U21-2 U21-3,U21-1 U21-2 U21-3,U09-1 U21-1 U21-2 U21-3,U09-1 U21-1 L18-1,U09-1 U21-1 U21-2 L18-1,U09-1 U21-1 U21-2 U21-3 L18-1,,,,,,,,,,UCELLNFREQPRIOINFO: CellId=,U21f3_CID,", EARFCN=1350, NPriority=6, ThdToHigh=8, EMeasBW=D100, EQrxlevmin=-64, EDetectInd=TRUE;",,{,RNC,},,,,,,,,,,,,,,,,,,,,,,,
111,1,LTE,UMTS,CREATE,ADD,UMTS - U9 -> L18 UCELLNFREQPRIOINFO - same cell - CO SECTOR,U9 -> L18 UCELLNFREQPRIOINFO,U09-1,L18-1,CO SECTOR,U09-1,U21-1,U09-1 U21-1,U21-1 U21-2,U09-1 U21-1 U21-2,U09-1 U21-2 U21-3,U21-1 U21-2 U21-3,U09-1 U21-1 U21-2 U21-3,U09-1 U21-1 L18-1,U09-1 U21-1 U21-2 L18-1,U09-1 U21-1 U21-2 U21-3 L18-1,,,,,,,,,,UCELLNFREQPRIOINFO: CellId=,U9_CID,", EARFCN=1350, NPriority=6, ThdToHigh=8, EMeasBW=D100, EQrxlevmin=-64, EDetectInd=TRUE;",,{,RNC,},,,,,,,,,,,,,,,,,,,,,,,
112,1,LTE,UMTS,CREATE,ADD,UMTS - U21-1 -> L18 UCELLNFREQPRIOINFO - same cell - CO SECTOR,U21-1 -> L18 UCELLNFREQPRIOINFO,U21-1,L18-1,CO SECTOR,U09-1,U21-1,U09-1 U21-1,U21-1 U21-2,U09-1 U21-1 U21-2,U09-1 U21-2 U21-3,U21-1 U21-2 U21-3,U09-1 U21-1 U21-2 U21-3,U09-1 U21-1 L18-1,U09-1 U21-1 U21-2 L18-1,U09-1 U21-1 U21-2 U21-3 L18-1,,,,,,,,,,UCELLNFREQPRIOINFO: CellId=,U21f1_CID,", EARFCN=1350, NPriority=6, ThdToHigh=8, EMeasBW=D100, EQrxlevmin=-64, EDetectInd=TRUE;",,{,RNC,},,,,,,,,,,,,,,,,,,,,,,,
113,1,LTE,UMTS,CREATE,ADD,UMTS - U21-2 -> L18 UCELLNFREQPRIOINFO - same cell - CO SECTOR,U21-2 -> L18 UCELLNFREQPRIOINFO,U21-2,L18-1,CO SECTOR,U09-1,U21-1,U09-1 U21-1,U21-1 U21-2,U09-1 U21-1 U21-2,U09-1 U21-2 U21-3,U21-1 U21-2 U21-3,U09-1 U21-1 U21-2 U21-3,U09-1 U21-1 L18-1,U09-1 U21-1 U21-2 L18-1,U09-1 U21-1 U21-2 U21-3 L18-1,,,,,,,,,,UCELLNFREQPRIOINFO: CellId=,U21f2_CID,", EARFCN=1350, NPriority=6, ThdToHigh=8, EMeasBW=D100, EQrxlevmin=-64, EDetectInd=TRUE;",,{,RNC,},,,,,,,,,,,,,,,,,,,,,,,
114,1,LTE,UMTS,CREATE,ADD,UMTS - U21-3-> L18 UCELLNFREQPRIOINFO - same cell  - CO SECTOR,U21-3-> L18 UCELLNFREQPRIOINFO,U21-3,L18-1,CO SECTOR,U09-1,U21-1,U09-1 U21-1,U21-1 U21-2,U09-1 U21-1 U21-2,U09-1 U21-2 U21-3,U21-1 U21-2 U21-3,U09-1 U21-1 U21-2 U21-3,U09-1 U21-1 L18-1,U09-1 U21-1 U21-2 L18-1,U09-1 U21-1 U21-2 U21-3 L18-1,,,,,,,,,,UCELLNFREQPRIOINFO: CellId=,U21f3_CID,", EARFCN=1350, NPriority=6, ThdToHigh=8, EMeasBW=D100, EQrxlevmin=-64, EDetectInd=TRUE;",,{,RNC,},,,,,,,,,,,,,,,,,,,,,,,
115,1,LTE,UMTS,IGNORE,MOD,UMTS MOD - U9 -> L18 UCELLNFREQPRIOINFO - neighbouring cell - ADJ CELL,U9 -> L18 UCELLNFREQPRIOINFO,U09-1,L18-1,ADJ CELL,U09-1,U21-1,U09-1 U21-1,U21-1 U21-2,U09-1 U21-1 U21-2,U09-1 U21-2 U21-3,U21-1 U21-2 U21-3,U09-1 U21-1 U21-2 U21-3,U09-1 U21-1 L18-1,U09-1 U21-1 U21-2 L18-1,U09-1 U21-1 U21-2 U21-3 L18-1,,,,,,,,,,UCELLNFREQPRIOINFO: CellId=,U9_CID,", EARFCN=1350, NPriority=6, ThdToHigh=8, EMeasBW=D100, EQrxlevmin=-64, EDetectInd=TRUE;",,{,RNC,},,,,,,,,,,,,,,,,,,,,,,,
116,1,LTE,UMTS,IGNORE,MOD,UMTS MOD - U21-1 -> L18 UCELLNFREQPRIOINFO - neighbouring cell - ADJ CELL,U21-1 -> L18 UCELLNFREQPRIOINFO,U21-1,L18-1,ADJ CELL,U09-1,U21-1,U09-1 U21-1,U21-1 U21-2,U09-1 U21-1 U21-2,U09-1 U21-2 U21-3,U21-1 U21-2 U21-3,U09-1 U21-1 U21-2 U21-3,U09-1 U21-1 L18-1,U09-1 U21-1 U21-2 L18-1,U09-1 U21-1 U21-2 U21-3 L18-1,,,,,,,,,,UCELLNFREQPRIOINFO: CellId=,U21f1_CID,", EARFCN=1350, NPriority=6, ThdToHigh=8, EMeasBW=D100, EQrxlevmin=-64, EDetectInd=TRUE;",,{,RNC,},,,,,,,,,,,,,,,,,,,,,,,
117,1,LTE,UMTS,IGNORE,MOD,UMTS MOD - U21-2 -> L18 UCELLNFREQPRIOINFO - neighbouring cell - ADJ CELL,U21-2 -> L18 UCELLNFREQPRIOINFO,U21-2,L18-1,ADJ CELL,U09-1,U21-1,U09-1 U21-1,U21-1 U21-2,U09-1 U21-1 U21-2,U09-1 U21-2 U21-3,U21-1 U21-2 U21-3,U09-1 U21-1 U21-2 U21-3,U09-1 U21-1 L18-1,U09-1 U21-1 U21-2 L18-1,U09-1 U21-1 U21-2 U21-3 L18-1,,,,,,,,,,UCELLNFREQPRIOINFO: CellId=,U21f2_CID,", EARFCN=1350, NPriority=6, ThdToHigh=8, EMeasBW=D100, EQrxlevmin=-64, EDetectInd=TRUE;",,{,RNC,},,,,,,,,,,,,,,,,,,,,,,,
118,1,LTE,UMTS,IGNORE,MOD,UMTS MOD - U21-3-> L18 UCELLNFREQPRIOINFO - neighbouring cell - ADJ CELL,U21-3-> L18 UCELLNFREQPRIOINFO,U21-3,L18-1,ADJ CELL,U09-1,U21-1,U09-1 U21-1,U21-1 U21-2,U09-1 U21-1 U21-2,U09-1 U21-2 U21-3,U21-1 U21-2 U21-3,U09-1 U21-1 U21-2 U21-3,U09-1 U21-1 L18-1,U09-1 U21-1 U21-2 L18-1,U09-1 U21-1 U21-2 U21-3 L18-1,,,,,,,,,,UCELLNFREQPRIOINFO: CellId=,U21f3_CID,", EARFCN=1350, NPriority=6, ThdToHigh=8, EMeasBW=D100, EQrxlevmin=-64, EDetectInd=TRUE;",,{,RNC,},,,,,,,,,,,,,,,,,,,,,,,
119,1,LTE,UMTS,CREATE,MOD,UMTS MOD - U9 -> L18 UCELLNFREQPRIOINFO - same cell - CO SECTOR,U9 -> L18 UCELLNFREQPRIOINFO,U09-1,L18-1,CO SECTOR,U09-1,U21-1,U09-1 U21-1,U21-1 U21-2,U09-1 U21-1 U21-2,U09-1 U21-2 U21-3,U21-1 U21-2 U21-3,U09-1 U21-1 U21-2 U21-3,U09-1 U21-1 L18-1,U09-1 U21-1 U21-2 L18-1,U09-1 U21-1 U21-2 U21-3 L18-1,,,,,,,,,,UCELLNFREQPRIOINFO: CellId=,U9_CID,", EARFCN=1350, NPriority=6, ThdToHigh=8, EMeasBW=D100, EQrxlevmin=-64, EDetectInd=TRUE;",,{,RNC,},,,,,,,,,,,,,,,,,,,,,,,
120,1,LTE,UMTS,CREATE,MOD,UMTS MOD - U21-1 -> L18 UCELLNFREQPRIOINFO - same cell - CO SECTOR,U21-1 -> L18 UCELLNFREQPRIOINFO,U21-1,L18-1,CO SECTOR,U09-1,U21-1,U09-1 U21-1,U21-1 U21-2,U09-1 U21-1 U21-2,U09-1 U21-2 U21-3,U21-1 U21-2 U21-3,U09-1 U21-1 U21-2 U21-3,U09-1 U21-1 L18-1,U09-1 U21-1 U21-2 L18-1,U09-1 U21-1 U21-2 U21-3 L18-1,,,,,,,,,,UCELLNFREQPRIOINFO: CellId=,U21f1_CID,", EARFCN=1350, NPriority=6, ThdToHigh=8, EMeasBW=D100, EQrxlevmin=-64, EDetectInd=TRUE;",,{,RNC,},,,,,,,,,,,,,,,,,,,,,,,
121,1,LTE,UMTS,CREATE,MOD,UMTS MOD - U21-2 -> L18 UCELLNFREQPRIOINFO - same cell - CO SECTOR,U21-2 -> L18 UCELLNFREQPRIOINFO,U21-2,L18-1,CO SECTOR,U09-1,U21-1,U09-1 U21-1,U21-1 U21-2,U09-1 U21-1 U21-2,U09-1 U21-2 U21-3,U21-1 U21-2 U21-3,U09-1 U21-1 U21-2 U21-3,U09-1 U21-1 L18-1,U09-1 U21-1 U21-2 L18-1,U09-1 U21-1 U21-2 U21-3 L18-1,,,,,,,,,,UCELLNFREQPRIOINFO: CellId=,U21f2_CID,", EARFCN=1350, NPriority=6, ThdToHigh=8, EMeasBW=D100, EQrxlevmin=-64, EDetectInd=TRUE;",,{,RNC,},,,,,,,,,,,,,,,,,,,,,,,
122,1,LTE,UMTS,CREATE,MOD,UMTS MOD - U21-3-> L18 UCELLNFREQPRIOINFO - same cell - CO SECTOR,U21-3-> L18 UCELLNFREQPRIOINFO,U21-3,L18-1,CO SECTOR,U09-1,U21-1,U09-1 U21-1,U21-1 U21-2,U09-1 U21-1 U21-2,U09-1 U21-2 U21-3,U21-1 U21-2 U21-3,U09-1 U21-1 U21-2 U21-3,U09-1 U21-1 L18-1,U09-1 U21-1 U21-2 L18-1,U09-1 U21-1 U21-2 U21-3 L18-1,,,,,,,,,,UCELLNFREQPRIOINFO: CellId=,U21f3_CID,", EARFCN=1350, NPriority=6, ThdToHigh=8, EMeasBW=D100, EQrxlevmin=-64, EDetectInd=TRUE;",,{,RNC,},,,,,,,,,,,,,,,,,,,,,,,
123,1,LTE,UMTS,CREATE,ADD,UMTS - U09 -> L18 Same cell Fast Return - same cell - CO SECTOR,U09 -> L18 Same cell Fast Return,U09-1,L18-1,CO SECTOR,U09-1,U21-1,U09-1 U21-1,U21-1 U21-2,U09-1 U21-1 U21-2,U09-1 U21-2 U21-3,U21-1 U21-2 U21-3,U09-1 U21-1 U21-2 U21-3,U09-1 U21-1 L18-1,U09-1 U21-1 U21-2 L18-1,U09-1 U21-1 U21-2 U21-3 L18-1,,,,,,,,,,UCELLHOCOMM:CELLID =,U9_CID,", INTERFREQRATSWITCH = SIMINTERFREQRAT, COEXISTMEASTHDCHOICE = COEXIST_MEAS_THD_CHOICE_INTERFREQ, CSSERVICEHOSWITCH = ON, PSSERVICEHOSWITCH = ON, HSPATIMERLEN = 0, SPECUSERHYSTFOR2D = 6, SPECUSERCSTHD2DECN0 = -13, SPECUSERCSTHD2FECN0 = -10, SPECUSERCSTHD2DRSCP = -93, SPECUSERCSTHD2FRSCP = -90, MACROMICRO1APREMEASSWITCH = OFF, U2LBLINDREDIRSWITCH = OFF, FASTRETURNTOLTESWITCH = PERFENH_PS_FAST_RETURN_LTE_SWITCH-1&HO_UMTS_TO_LTE_FAST_RETURN_SWITCH-1;",,{,RNC,},,,,,,,,,,,,,,,,,,,,,,,
124,1,LTE,UMTS,CREATE,ADD,UMTS - U21-1 -> L18 Same cell Fast Return - same cell - CO SECTOR,U21-1 -> L18 Same cell Fast Return,U21-1,L18-1,CO SECTOR,U09-1,U21-1,U09-1 U21-1,U21-1 U21-2,U09-1 U21-1 U21-2,U09-1 U21-2 U21-3,U21-1 U21-2 U21-3,U09-1 U21-1 U21-2 U21-3,U09-1 U21-1 L18-1,U09-1 U21-1 U21-2 L18-1,U09-1 U21-1 U21-2 U21-3 L18-1,,,,,,,,,,UCELLHOCOMM:CELLID =,U21f1_CID,", INTERFREQRATSWITCH = SIMINTERFREQRAT, COEXISTMEASTHDCHOICE = COEXIST_MEAS_THD_CHOICE_INTERFREQ, CSSERVICEHOSWITCH = ON, PSSERVICEHOSWITCH = ON, HSPATIMERLEN = 0, SPECUSERHYSTFOR2D = 6, SPECUSERCSTHD2DECN0 = -13, SPECUSERCSTHD2FECN0 = -10, SPECUSERCSTHD2DRSCP = -93, SPECUSERCSTHD2FRSCP = -90, MACROMICRO1APREMEASSWITCH = OFF, U2LBLINDREDIRSWITCH = OFF, FASTRETURNTOLTESWITCH = PERFENH_PS_FAST_RETURN_LTE_SWITCH-1&HO_UMTS_TO_LTE_FAST_RETURN_SWITCH-1;",,{,RNC,},,,,,,,,,,,,,,,,,,,,,,,
125,1,LTE,UMTS,CREATE,ADD,UMTS - U21-2 -> L18 Same cell Fast Return - same cell - CO SECTOR,U21-2 -> L18 Same cell Fast Return,U21-2,L18-1,CO SECTOR,U09-1,U21-1,U09-1 U21-1,U21-1 U21-2,U09-1 U21-1 U21-2,U09-1 U21-2 U21-3,U21-1 U21-2 U21-3,U09-1 U21-1 U21-2 U21-3,U09-1 U21-1 L18-1,U09-1 U21-1 U21-2 L18-1,U09-1 U21-1 U21-2 U21-3 L18-1,,,,,,,,,,UCELLHOCOMM:CELLID =,U21f2_CID,", INTERFREQRATSWITCH = SIMINTERFREQRAT, COEXISTMEASTHDCHOICE = COEXIST_MEAS_THD_CHOICE_INTERFREQ, CSSERVICEHOSWITCH = ON, PSSERVICEHOSWITCH = ON, HSPATIMERLEN = 0, SPECUSERHYSTFOR2D = 6, SPECUSERCSTHD2DECN0 = -13, SPECUSERCSTHD2FECN0 = -10, SPECUSERCSTHD2DRSCP = -93, SPECUSERCSTHD2FRSCP = -90, MACROMICRO1APREMEASSWITCH = OFF, U2LBLINDREDIRSWITCH = OFF, FASTRETURNTOLTESWITCH = PERFENH_PS_FAST_RETURN_LTE_SWITCH-1&HO_UMTS_TO_LTE_FAST_RETURN_SWITCH-1;",,{,RNC,},,,,,,,,,,,,,,,,,,,,,,,
126,1,LTE,UMTS,CREATE,ADD,UMTS - U21-3 -> L18 Same cell Fast Return - same cell - CO SECTOR,U21-3 -> L18 Same cell Fast Return,U21-3,L18-1,CO SECTOR,U09-1,U21-1,U09-1 U21-1,U21-1 U21-2,U09-1 U21-1 U21-2,U09-1 U21-2 U21-3,U21-1 U21-2 U21-3,U09-1 U21-1 U21-2 U21-3,U09-1 U21-1 L18-1,U09-1 U21-1 U21-2 L18-1,U09-1 U21-1 U21-2 U21-3 L18-1,,,,,,,,,,UCELLHOCOMM:CELLID =,U21f3_CID,", INTERFREQRATSWITCH = SIMINTERFREQRAT, COEXISTMEASTHDCHOICE = COEXIST_MEAS_THD_CHOICE_INTERFREQ, CSSERVICEHOSWITCH = ON, PSSERVICEHOSWITCH = ON, HSPATIMERLEN = 0, SPECUSERHYSTFOR2D = 6, SPECUSERCSTHD2DECN0 = -13, SPECUSERCSTHD2FECN0 = -10, SPECUSERCSTHD2DRSCP = -93, SPECUSERCSTHD2FRSCP = -90, MACROMICRO1APREMEASSWITCH = OFF, U2LBLINDREDIRSWITCH = OFF, FASTRETURNTOLTESWITCH = PERFENH_PS_FAST_RETURN_LTE_SWITCH-1&HO_UMTS_TO_LTE_FAST_RETURN_SWITCH-1;",,{,RNC,},,,,,,,,,,,,,,,,,,,,,,,
127,1,LTE,UMTS,IGNORE,ADD,UMTS - U09 -> L18 Same cell Fast Return - neighbouring cell - ADJ CELL,U09 -> L18 Same cell Fast Return,U09-1,L18-1,ADJ CELL,U09-1,U21-1,U09-1 U21-1,U21-1 U21-2,U09-1 U21-1 U21-2,U09-1 U21-2 U21-3,U21-1 U21-2 U21-3,U09-1 U21-1 U21-2 U21-3,U09-1 U21-1 L18-1,U09-1 U21-1 U21-2 L18-1,U09-1 U21-1 U21-2 U21-3 L18-1,,,,,,,,,,UCELLHOCOMM:CELLID =,U9_CID,", INTERFREQRATSWITCH = SIMINTERFREQRAT, COEXISTMEASTHDCHOICE = COEXIST_MEAS_THD_CHOICE_INTERFREQ, CSSERVICEHOSWITCH = ON, PSSERVICEHOSWITCH = ON, HSPATIMERLEN = 0, SPECUSERHYSTFOR2D = 6, SPECUSERCSTHD2DECN0 = -13, SPECUSERCSTHD2FECN0 = -10, SPECUSERCSTHD2DRSCP = -93, SPECUSERCSTHD2FRSCP = -90, MACROMICRO1APREMEASSWITCH = OFF, U2LBLINDREDIRSWITCH = OFF, FASTRETURNTOLTESWITCH = PERFENH_PS_FAST_RETURN_LTE_SWITCH-1&HO_UMTS_TO_LTE_FAST_RETURN_SWITCH-1;",,{,RNC,},,,,,,,,,,,,,,,,,,,,,,,
128,1,LTE,UMTS,IGNORE,ADD,UMTS - U21-1 -> L18 Same cell Fast Return - neighbouring cell - ADJ CELL,U21-1 -> L18 Same cell Fast Return,U21-1,L18-1,ADJ CELL,U09-1,U21-1,U09-1 U21-1,U21-1 U21-2,U09-1 U21-1 U21-2,U09-1 U21-2 U21-3,U21-1 U21-2 U21-3,U09-1 U21-1 U21-2 U21-3,U09-1 U21-1 L18-1,U09-1 U21-1 U21-2 L18-1,U09-1 U21-1 U21-2 U21-3 L18-1,,,,,,,,,,UCELLHOCOMM:CELLID =,U21f1_CID,", INTERFREQRATSWITCH = SIMINTERFREQRAT, COEXISTMEASTHDCHOICE = COEXIST_MEAS_THD_CHOICE_INTERFREQ, CSSERVICEHOSWITCH = ON, PSSERVICEHOSWITCH = ON, HSPATIMERLEN = 0, SPECUSERHYSTFOR2D = 6, SPECUSERCSTHD2DECN0 = -13, SPECUSERCSTHD2FECN0 = -10, SPECUSERCSTHD2DRSCP = -93, SPECUSERCSTHD2FRSCP = -90, MACROMICRO1APREMEASSWITCH = OFF, U2LBLINDREDIRSWITCH = OFF, FASTRETURNTOLTESWITCH = PERFENH_PS_FAST_RETURN_LTE_SWITCH-1&HO_UMTS_TO_LTE_FAST_RETURN_SWITCH-1;",,{,RNC,},,,,,,,,,,,,,,,,,,,,,,,
129,1,LTE,UMTS,IGNORE,ADD,UMTS - U21-2 -> L18 Same cell Fast Return - neighbouring cell - ADJ CELL,U21-2 -> L18 Same cell Fast Return,U21-2,L18-1,ADJ CELL,U09-1,U21-1,U09-1 U21-1,U21-1 U21-2,U09-1 U21-1 U21-2,U09-1 U21-2 U21-3,U21-1 U21-2 U21-3,U09-1 U21-1 U21-2 U21-3,U09-1 U21-1 L18-1,U09-1 U21-1 U21-2 L18-1,U09-1 U21-1 U21-2 U21-3 L18-1,,,,,,,,,,UCELLHOCOMM:CELLID =,U21f2_CID,", INTERFREQRATSWITCH = SIMINTERFREQRAT, COEXISTMEASTHDCHOICE = COEXIST_MEAS_THD_CHOICE_INTERFREQ, CSSERVICEHOSWITCH = ON, PSSERVICEHOSWITCH = ON, HSPATIMERLEN = 0, SPECUSERHYSTFOR2D = 6, SPECUSERCSTHD2DECN0 = -13, SPECUSERCSTHD2FECN0 = -10, SPECUSERCSTHD2DRSCP = -93, SPECUSERCSTHD2FRSCP = -90, MACROMICRO1APREMEASSWITCH = OFF, U2LBLINDREDIRSWITCH = OFF, FASTRETURNTOLTESWITCH = PERFENH_PS_FAST_RETURN_LTE_SWITCH-1&HO_UMTS_TO_LTE_FAST_RETURN_SWITCH-1;",,{,RNC,},,,,,,,,,,,,,,,,,,,,,,,
130,1,LTE,UMTS,IGNORE,ADD,UMTS - U21-3 -> L18 Same cell Fast Return - neighbouring cell - ADJ CELL,U21-3 -> L18 Same cell Fast Return,U21-3,L18-1,ADJ CELL,U09-1,U21-1,U09-1 U21-1,U21-1 U21-2,U09-1 U21-1 U21-2,U09-1 U21-2 U21-3,U21-1 U21-2 U21-3,U09-1 U21-1 U21-2 U21-3,U09-1 U21-1 L18-1,U09-1 U21-1 U21-2 L18-1,U09-1 U21-1 U21-2 U21-3 L18-1,,,,,,,,,,UCELLHOCOMM:CELLID =,U21f3_CID,", INTERFREQRATSWITCH = SIMINTERFREQRAT, COEXISTMEASTHDCHOICE = COEXIST_MEAS_THD_CHOICE_INTERFREQ, CSSERVICEHOSWITCH = ON, PSSERVICEHOSWITCH = ON, HSPATIMERLEN = 0, SPECUSERHYSTFOR2D = 6, SPECUSERCSTHD2DECN0 = -13, SPECUSERCSTHD2FECN0 = -10, SPECUSERCSTHD2DRSCP = -93, SPECUSERCSTHD2FRSCP = -90, MACROMICRO1APREMEASSWITCH = OFF, U2LBLINDREDIRSWITCH = OFF, FASTRETURNTOLTESWITCH = PERFENH_PS_FAST_RETURN_LTE_SWITCH-1&HO_UMTS_TO_LTE_FAST_RETURN_SWITCH-1;",,{,RNC,},,,,,,,,,,,,,,,,,,,,,,,
131,1,LTE,UMTS,CREATE,MOD,UMTS MOD - U09 -> L18 Same cell Fast Return - same cell - CO SECTOR,U09 -> L18 Same cell Fast Return,U09-1,L18-1,CO SECTOR,U09-1,U21-1,U09-1 U21-1,U21-1 U21-2,U09-1 U21-1 U21-2,U09-1 U21-2 U21-3,U21-1 U21-2 U21-3,U09-1 U21-1 U21-2 U21-3,U09-1 U21-1 L18-1,U09-1 U21-1 U21-2 L18-1,U09-1 U21-1 U21-2 U21-3 L18-1,,,,,,,,,,UCELLHOCOMM:CELLID =,U9_CID,", INTERFREQRATSWITCH = SIMINTERFREQRAT, COEXISTMEASTHDCHOICE = COEXIST_MEAS_THD_CHOICE_INTERFREQ, CSSERVICEHOSWITCH = ON, PSSERVICEHOSWITCH = ON, HSPATIMERLEN = 0, SPECUSERHYSTFOR2D = 6, SPECUSERCSTHD2DECN0 = -13, SPECUSERCSTHD2FECN0 = -10, SPECUSERCSTHD2DRSCP = -93, SPECUSERCSTHD2FRSCP = -90, MACROMICRO1APREMEASSWITCH = OFF, U2LBLINDREDIRSWITCH = OFF, FASTRETURNTOLTESWITCH = PERFENH_PS_FAST_RETURN_LTE_SWITCH-1&HO_UMTS_TO_LTE_FAST_RETURN_SWITCH-1;",,{,RNC,},,,,,,,,,,,,,,,,,,,,,,,
132,1,LTE,UMTS,CREATE,MOD,UMTS MOD - U21-1 -> L18 Same cell Fast Return - same cell - CO SECTOR,U21-1 -> L18 Same cell Fast Return,U21-1,L18-1,CO SECTOR,U09-1,U21-1,U09-1 U21-1,U21-1 U21-2,U09-1 U21-1 U21-2,U09-1 U21-2 U21-3,U21-1 U21-2 U21-3,U09-1 U21-1 U21-2 U21-3,U09-1 U21-1 L18-1,U09-1 U21-1 U21-2 L18-1,U09-1 U21-1 U21-2 U21-3 L18-1,,,,,,,,,,UCELLHOCOMM:CELLID =,U21f1_CID,", INTERFREQRATSWITCH = SIMINTERFREQRAT, COEXISTMEASTHDCHOICE = COEXIST_MEAS_THD_CHOICE_INTERFREQ, CSSERVICEHOSWITCH = ON, PSSERVICEHOSWITCH = ON, HSPATIMERLEN = 0, SPECUSERHYSTFOR2D = 6, SPECUSERCSTHD2DECN0 = -13, SPECUSERCSTHD2FECN0 = -10, SPECUSERCSTHD2DRSCP = -93, SPECUSERCSTHD2FRSCP = -90, MACROMICRO1APREMEASSWITCH = OFF, U2LBLINDREDIRSWITCH = OFF, FASTRETURNTOLTESWITCH = PERFENH_PS_FAST_RETURN_LTE_SWITCH-1&HO_UMTS_TO_LTE_FAST_RETURN_SWITCH-1;",,{,RNC,},,,,,,,,,,,,,,,,,,,,,,,
133,1,LTE,UMTS,CREATE,MOD,UMTS MOD - U21-2 -> L18 Same cell Fast Return - same cell - CO SECTOR,U21-2 -> L18 Same cell Fast Return,U21-2,L18-1,CO SECTOR,U09-1,U21-1,U09-1 U21-1,U21-1 U21-2,U09-1 U21-1 U21-2,U09-1 U21-2 U21-3,U21-1 U21-2 U21-3,U09-1 U21-1 U21-2 U21-3,U09-1 U21-1 L18-1,U09-1 U21-1 U21-2 L18-1,U09-1 U21-1 U21-2 U21-3 L18-1,,,,,,,,,,UCELLHOCOMM:CELLID =,U21f2_CID,", INTERFREQRATSWITCH = SIMINTERFREQRAT, COEXISTMEASTHDCHOICE = COEXIST_MEAS_THD_CHOICE_INTERFREQ, CSSERVICEHOSWITCH = ON, PSSERVICEHOSWITCH = ON, HSPATIMERLEN = 0, SPECUSERHYSTFOR2D = 6, SPECUSERCSTHD2DECN0 = -13, SPECUSERCSTHD2FECN0 = -10, SPECUSERCSTHD2DRSCP = -93, SPECUSERCSTHD2FRSCP = -90, MACROMICRO1APREMEASSWITCH = OFF, U2LBLINDREDIRSWITCH = OFF, FASTRETURNTOLTESWITCH = PERFENH_PS_FAST_RETURN_LTE_SWITCH-1&HO_UMTS_TO_LTE_FAST_RETURN_SWITCH-1;",,{,RNC,},,,,,,,,,,,,,,,,,,,,,,,
134,1,LTE,UMTS,CREATE,MOD,UMTS MOD - U21-3 -> L18 Same cell Fast Return - same cell - CO SECTOR,U21-3 -> L18 Same cell Fast Return,U21-3,L18-1,CO SECTOR,U09-1,U21-1,U09-1 U21-1,U21-1 U21-2,U09-1 U21-1 U21-2,U09-1 U21-2 U21-3,U21-1 U21-2 U21-3,U09-1 U21-1 U21-2 U21-3,U09-1 U21-1 L18-1,U09-1 U21-1 U21-2 L18-1,U09-1 U21-1 U21-2 U21-3 L18-1,,,,,,,,,,UCELLHOCOMM:CELLID =,U21f3_CID,", INTERFREQRATSWITCH = SIMINTERFREQRAT, COEXISTMEASTHDCHOICE = COEXIST_MEAS_THD_CHOICE_INTERFREQ, CSSERVICEHOSWITCH = ON, PSSERVICEHOSWITCH = ON, HSPATIMERLEN = 0, SPECUSERHYSTFOR2D = 6, SPECUSERCSTHD2DECN0 = -13, SPECUSERCSTHD2FECN0 = -10, SPECUSERCSTHD2DRSCP = -93, SPECUSERCSTHD2FRSCP = -90, MACROMICRO1APREMEASSWITCH = OFF, U2LBLINDREDIRSWITCH = OFF, FASTRETURNTOLTESWITCH = PERFENH_PS_FAST_RETURN_LTE_SWITCH-1&HO_UMTS_TO_LTE_FAST_RETURN_SWITCH-1;",,{,RNC,},,,,,,,,,,,,,,,,,,,,,,,
135,1,LTE,UMTS,IGNORE,MOD,UMTS MOD - U09 -> L18 Same cell Fast Return - neighbouring cell - ADJ CELL,U09 -> L18 Same cell Fast Return,U09-1,L18-1,ADJ CELL,U09-1,U21-1,U09-1 U21-1,U21-1 U21-2,U09-1 U21-1 U21-2,U09-1 U21-2 U21-3,U21-1 U21-2 U21-3,U09-1 U21-1 U21-2 U21-3,U09-1 U21-1 L18-1,U09-1 U21-1 U21-2 L18-1,U09-1 U21-1 U21-2 U21-3 L18-1,,,,,,,,,,UCELLHOCOMM:CELLID =,U9_CID,", INTERFREQRATSWITCH = SIMINTERFREQRAT, COEXISTMEASTHDCHOICE = COEXIST_MEAS_THD_CHOICE_INTERFREQ, CSSERVICEHOSWITCH = ON, PSSERVICEHOSWITCH = ON, HSPATIMERLEN = 0, SPECUSERHYSTFOR2D = 6, SPECUSERCSTHD2DECN0 = -13, SPECUSERCSTHD2FECN0 = -10, SPECUSERCSTHD2DRSCP = -93, SPECUSERCSTHD2FRSCP = -90, MACROMICRO1APREMEASSWITCH = OFF, U2LBLINDREDIRSWITCH = OFF, FASTRETURNTOLTESWITCH = PERFENH_PS_FAST_RETURN_LTE_SWITCH-1&HO_UMTS_TO_LTE_FAST_RETURN_SWITCH-1;",,{,RNC,},,,,,,,,,,,,,,,,,,,,,,,
136,1,LTE,UMTS,IGNORE,MOD,UMTS MOD - U21-1 -> L18 Same cell Fast Return - neighbouring cell - ADJ CELL,U21-1 -> L18 Same cell Fast Return,U21-1,L18-1,ADJ CELL,U09-1,U21-1,U09-1 U21-1,U21-1 U21-2,U09-1 U21-1 U21-2,U09-1 U21-2 U21-3,U21-1 U21-2 U21-3,U09-1 U21-1 U21-2 U21-3,U09-1 U21-1 L18-1,U09-1 U21-1 U21-2 L18-1,U09-1 U21-1 U21-2 U21-3 L18-1,,,,,,,,,,UCELLHOCOMM:CELLID =,U21f1_CID,", INTERFREQRATSWITCH = SIMINTERFREQRAT, COEXISTMEASTHDCHOICE = COEXIST_MEAS_THD_CHOICE_INTERFREQ, CSSERVICEHOSWITCH = ON, PSSERVICEHOSWITCH = ON, HSPATIMERLEN = 0, SPECUSERHYSTFOR2D = 6, SPECUSERCSTHD2DECN0 = -13, SPECUSERCSTHD2FECN0 = -10, SPECUSERCSTHD2DRSCP = -93, SPECUSERCSTHD2FRSCP = -90, MACROMICRO1APREMEASSWITCH = OFF, U2LBLINDREDIRSWITCH = OFF, FASTRETURNTOLTESWITCH = PERFENH_PS_FAST_RETURN_LTE_SWITCH-1&HO_UMTS_TO_LTE_FAST_RETURN_SWITCH-1;",,{,RNC,},,,,,,,,,,,,,,,,,,,,,,,
137,1,LTE,UMTS,IGNORE,MOD,UMTS MOD - U21-2 -> L18 Same cell Fast Return - neighbouring cell - ADJ CELL,U21-2 -> L18 Same cell Fast Return,U21-2,L18-1,ADJ CELL,U09-1,U21-1,U09-1 U21-1,U21-1 U21-2,U09-1 U21-1 U21-2,U09-1 U21-2 U21-3,U21-1 U21-2 U21-3,U09-1 U21-1 U21-2 U21-3,U09-1 U21-1 L18-1,U09-1 U21-1 U21-2 L18-1,U09-1 U21-1 U21-2 U21-3 L18-1,,,,,,,,,,UCELLHOCOMM:CELLID =,U21f2_CID,", INTERFREQRATSWITCH = SIMINTERFREQRAT, COEXISTMEASTHDCHOICE = COEXIST_MEAS_THD_CHOICE_INTERFREQ, CSSERVICEHOSWITCH = ON, PSSERVICEHOSWITCH = ON, HSPATIMERLEN = 0, SPECUSERHYSTFOR2D = 6, SPECUSERCSTHD2DECN0 = -13, SPECUSERCSTHD2FECN0 = -10, SPECUSERCSTHD2DRSCP = -93, SPECUSERCSTHD2FRSCP = -90, MACROMICRO1APREMEASSWITCH = OFF, U2LBLINDREDIRSWITCH = OFF, FASTRETURNTOLTESWITCH = PERFENH_PS_FAST_RETURN_LTE_SWITCH-1&HO_UMTS_TO_LTE_FAST_RETURN_SWITCH-1;",,{,RNC,},,,,,,,,,,,,,,,,,,,,,,,
138,1,LTE,UMTS,IGNORE,MOD,UMTS MOD - U21-3 -> L18 Same cell Fast Return - neighbouring cell - ADJ CELL,U21-3 -> L18 Same cell Fast Return,U21-3,L18-1,ADJ CELL,U09-1,U21-1,U09-1 U21-1,U21-1 U21-2,U09-1 U21-1 U21-2,U09-1 U21-2 U21-3,U21-1 U21-2 U21-3,U09-1 U21-1 U21-2 U21-3,U09-1 U21-1 L18-1,U09-1 U21-1 U21-2 L18-1,U09-1 U21-1 U21-2 U21-3 L18-1,,,,,,,,,,UCELLHOCOMM:CELLID =,U21f3_CID,", INTERFREQRATSWITCH = SIMINTERFREQRAT, COEXISTMEASTHDCHOICE = COEXIST_MEAS_THD_CHOICE_INTERFREQ, CSSERVICEHOSWITCH = ON, PSSERVICEHOSWITCH = ON, HSPATIMERLEN = 0, SPECUSERHYSTFOR2D = 6, SPECUSERCSTHD2DECN0 = -13, SPECUSERCSTHD2FECN0 = -10, SPECUSERCSTHD2DRSCP = -93, SPECUSERCSTHD2FRSCP = -90, MACROMICRO1APREMEASSWITCH = OFF, U2LBLINDREDIRSWITCH = OFF, FASTRETURNTOLTESWITCH = PERFENH_PS_FAST_RETURN_LTE_SWITCH-1&HO_UMTS_TO_LTE_FAST_RETURN_SWITCH-1;",,{,RNC,},,,,,,,,,,,,,,,,,,,,,,,
139,1,LTE,LTE,CREATE,ADD,LTE - L07 ExtDef - ADJ CELL,L07 ExtDef,L07-1,L07-1,ADJ CELL,U09-1,U21-1,U09-1 U21-1,U21-1 U21-2,U09-1 U21-1 U21-2,U09-1 U21-2 U21-3,U21-1 U21-2 U21-3,U09-1 U21-1 U21-2 U21-3,U09-1 U21-1 L18-1,U09-1 U21-1 U21-2 L18-1,U09-1 U21-1 U21-2 U21-3 L18-1,,,,,,,,,,"EUTRANEXTERNALCELL: MCC=""530"", MNC=""24"", eNodeBId=",nL07_enodeB_ID,", CellId=",nL07_CID,", DlEarfcn=",nDlEarfcn_L07-1,", PhyCellId=",nL07_PhyCellId,", Tac=",nL07_TAC,;{,L07_nodebName,},,,,,,,,,,,,,,,,,
140,1,LTE,LTE,CREATE,ADD,LTE - L07 -> L07 - ADJ CELL,L07 -> L07,L07-1,L07-1,ADJ CELL,U09-1,U21-1,U09-1 U21-1,U21-1 U21-2,U09-1 U21-1 U21-2,U09-1 U21-2 U21-3,U21-1 U21-2 U21-3,U09-1 U21-1 U21-2 U21-3,U09-1 U21-1 L18-1,U09-1 U21-1 U21-2 L18-1,U09-1 U21-1 U21-2 U21-3 L18-1,,,,,,,,,,EUTRANINTRAFREQNCELL: LocalCellId=,L07_LocalCellID,", Mcc=""530"", MNC=""24"", eNodeBId=",nL07_enodeB_ID,", CellId=",nL07_CID,", NoHoFlag=PERMIT_HO_ENUM, NoRmvFlag=FORBID_RMV_ENUM, LocalCellName=""",L07_cellName,""", NeighbourCellName= """,nL07_cellName,""";{",L07_nodebName,},,,,,,,,,,,,,,,,,
141,1,LTE,LTE,CREATE,ADD,LTE - U21 ExtDef - CO SECTOR,U21 ExtDef,L07-1,U21-1,CO SECTOR,U09-1,U21-1,U09-1 U21-1,U21-1 U21-2,U09-1 U21-1 U21-2,U09-1 U21-2 U21-3,U21-1 U21-2 U21-3,U09-1 U21-1 U21-2 U21-3,U09-1 U21-1 L18-1,U09-1 U21-1 U21-2 L18-1,U09-1 U21-1 U21-2 U21-3 L18-1,,,,,,,,,,"UTRANEXTERNALCELL: MCC=""530"", MNC=""24"", RncId=",nRNC_ID,", CellId=",nU21f1_CID,", UtranDlArfcn=",nU21f1_DL_UARCFN,", UtranUlArfcnCfgInd=NOT_CFG, UtranFddTddType=UTRAN_FDD, RacCfgInd=CFG, Rac=",nU21f1_RAC,", PScrambCode=",nU21f1_SC,", Lac=",nU21f1_LAC,", CellName=""",nU21f1_CellName,""";{",L07_nodebName,},,,,,,,,,,,,,
142,1,LTE,LTE,CREATE,ADD,LTE - L07 -> U21 - CO SECTOR,L07 -> U21,L07-1,U21-1,CO SECTOR,U09-1,U21-1,U09-1 U21-1,U21-1 U21-2,U09-1 U21-1 U21-2,U09-1 U21-2 U21-3,U21-1 U21-2 U21-3,U09-1 U21-1 U21-2 U21-3,U09-1 U21-1 L18-1,U09-1 U21-1 U21-2 L18-1,U09-1 U21-1 U21-2 U21-3 L18-1,,,,,,,,,,UTRANNCELL: LocalCellId=,L07_LocalCellID,", MCC=""530"", MNC=""24"", RncId=",nRNC_ID,", CellId=",nU21f1_CID,", BlindHoPriority=0;{",L07_nodebName,},,,,,,,,,,,,,,,,,,,,,
143,1,LTE,LTE,CREATE,ADD,LTE - U21 ExtDef - ADJ CELL,U21 ExtDef,L07-1,U21-1,ADJ CELL,U09-1,U21-1,U09-1 U21-1,U21-1 U21-2,U09-1 U21-1 U21-2,U09-1 U21-2 U21-3,U21-1 U21-2 U21-3,U09-1 U21-1 U21-2 U21-3,U09-1 U21-1 L18-1,U09-1 U21-1 U21-2 L18-1,U09-1 U21-1 U21-2 U21-3 L18-1,,,,,,,,,,"UTRANEXTERNALCELL: MCC=""530"", MNC=""24"", RncId=",nRNC_ID,", CellId=",nU21f1_CID,", UtranDlArfcn=",nU21f1_DL_UARCFN,", UtranUlArfcnCfgInd=NOT_CFG, UtranFddTddType=UTRAN_FDD, RacCfgInd=CFG, Rac=",nU21f1_RAC,", PScrambCode=",nU21f1_SC,", Lac=",nU21f1_LAC,", CellName=""",nU21f1_CellName,""";{",L07_nodebName,},,,,,,,,,,,,,
144,1,LTE,LTE,CREATE,ADD,LTE - L07 -> U21 - ADJ CELL,L07 -> U21,L07-1,U21-1,ADJ CELL,U09-1,U21-1,U09-1 U21-1,U21-1 U21-2,U09-1 U21-1 U21-2,U09-1 U21-2 U21-3,U21-1 U21-2 U21-3,U09-1 U21-1 U21-2 U21-3,U09-1 U21-1 L18-1,U09-1 U21-1 U21-2 L18-1,U09-1 U21-1 U21-2 U21-3 L18-1,,,,,,,,,,UTRANNCELL: LocalCellId=,L07_LocalCellID,", MCC=""530"", MNC=""24"", RncId=",nRNC_ID,", CellId=",nU21f1_CID,", BlindHoPriority=0;{",L07_nodebName,},,,,,,,,,,,,,,,,,,,,,
145,1,LTE,LTE,CREATE,ADD,LTE - U9 Extdef - ADJ CELL,U9 Extdef,L07-1,U09-1,ADJ CELL,U09-1,U21-1,U09-1 U21-1,U21-1 U21-2,U09-1 U21-1 U21-2,U09-1 U21-2 U21-3,U21-1 U21-2 U21-3,U09-1 U21-1 U21-2 U21-3,U09-1 U21-1 L18-1,U09-1 U21-1 U21-2 L18-1,U09-1 U21-1 U21-2 U21-3 L18-1,,,,,,,,,,"UTRANEXTERNALCELL: MCC=""530"", MNC=""24"", RncId=",nRNC_ID,", CellId=",nU9_CID,", UtranDlArfcn=",nU9_DL_UARCFN,", UtranUlArfcnCfgInd=NOT_CFG, UtranFddTddType=UTRAN_FDD, RacCfgInd=CFG, Rac=",nU9_RAC,", PScrambCode=",nU9_SC,", Lac=",nU9_LAC,", CellName=""",nU9_CellName,""";{",L07_nodebName,},,,,,,,,,,,,,
146,1,LTE,LTE,CREATE,ADD,LTE - L07 -> U09 - ADJ CELL,L07 -> U09,L07-1,U09-1,ADJ CELL,U09-1,U21-1,U09-1 U21-1,U21-1 U21-2,U09-1 U21-1 U21-2,U09-1 U21-2 U21-3,U21-1 U21-2 U21-3,U09-1 U21-1 U21-2 U21-3,U09-1 U21-1 L18-1,U09-1 U21-1 U21-2 L18-1,U09-1 U21-1 U21-2 U21-3 L18-1,,,,,,,,,,UTRANNCELL: LocalCellId=,L07_LocalCellID,", MCC=""530"", MNC=""24"", RncId=",nRNC_ID,", CellId=",nU9_CID,", BlindHoPriority=0;{",L07_nodebName,},,,,,,,,,,,,,,,,,,,,,
147,1,LTE,LTE,CREATE,ADD,LTE - U9 Extdef - CO SECTOR,U9 Extdef,L07-1,U09-1,CO SECTOR,U09-1,U21-1,U09-1 U21-1,U21-1 U21-2,U09-1 U21-1 U21-2,U09-1 U21-2 U21-3,U21-1 U21-2 U21-3,U09-1 U21-1 U21-2 U21-3,U09-1 U21-1 L18-1,U09-1 U21-1 U21-2 L18-1,U09-1 U21-1 U21-2 U21-3 L18-1,,,,,,,,,,"UTRANEXTERNALCELL: MCC=""530"", MNC=""24"", RncId=",nRNC_ID,", CellId=",nU9_CID,", UtranDlArfcn=",nU9_DL_UARCFN,", UtranUlArfcnCfgInd=NOT_CFG, UtranFddTddType=UTRAN_FDD, RacCfgInd=CFG, Rac=",nU9_RAC,", PScrambCode=",nU9_SC,", Lac=",nU9_LAC,", CellName=""",nU9_CellName,""";{",L07_nodebName,},,,,,,,,,,,,,
148,1,LTE,LTE,CREATE,ADD,LTE - L07 -> U09 - CO SECTOR,L07 -> U09,L07-1,U09-1,CO SECTOR,U09-1,U21-1,U09-1 U21-1,U21-1 U21-2,U09-1 U21-1 U21-2,U09-1 U21-2 U21-3,U21-1 U21-2 U21-3,U09-1 U21-1 U21-2 U21-3,U09-1 U21-1 L18-1,U09-1 U21-1 U21-2 L18-1,U09-1 U21-1 U21-2 U21-3 L18-1,,,,,,,,,,UTRANNCELL: LocalCellId=,L07_LocalCellID,", MCC=""530"", MNC=""24"", RncId=",nRNC_ID,", CellId=",nU9_CID,", BlindHoPriority=20;{",L07_nodebName,},,,,,,,,,,,,,,,,,,,,,
149,1,LTE,LTE,CREATE,ADD,LTE - L07 -> L18 Extdef - ADJ CELL,L07 -> L18 Extdef,L07-1,L18-1,ADJ CELL,U09-1,U21-1,U09-1 U21-1,U21-1 U21-2,U09-1 U21-1 U21-2,U09-1 U21-2 U21-3,U21-1 U21-2 U21-3,U09-1 U21-1 U21-2 U21-3,U09-1 U21-1 L18-1,U09-1 U21-1 U21-2 L18-1,U09-1 U21-1 U21-2 U21-3 L18-1,,,,,,,,,,"EUTRANEXTERNALCELL: MCC=""530"", MNC=""24"", eNodeBId=",nL18_enodeB_ID,", CellId=",nL18_CID,", DlEarfcn=",nDlEarfcn_L18-1,", PhyCellId=",nL18_PhyCellId,", Tac=",nL18_TAC,;{,L07_nodebName,},,,,,,,,,,,,,,,,,
150,1,LTE,LTE,CREATE,ADD,LTE - L18 -> L07 Extdef - ADJ CELL,L18 -> L07 Extdef,L18-1,L07-1,ADJ CELL,U09-1,U21-1,U09-1 U21-1,U21-1 U21-2,U09-1 U21-1 U21-2,U09-1 U21-2 U21-3,U21-1 U21-2 U21-3,U09-1 U21-1 U21-2 U21-3,U09-1 U21-1 L18-1,U09-1 U21-1 U21-2 L18-1,U09-1 U21-1 U21-2 U21-3 L18-1,,,,,,,,,,"EUTRANEXTERNALCELL: MCC=""530"", MNC=""24"", eNodeBId=",nL07_enodeB_ID,", CellId=",nL07_CID,", DlEarfcn=",nDlEarfcn_L07-1,", PhyCellId=",nL07_PhyCellId,", Tac=",nL07_TAC,;{,L18_nodebName,},,,,,,,,,,,,,,,,,
151,1,LTE,LTE,CREATE,ADD,LTE - L07 -> L18 Extdef - CO SECTOR,L07 -> L18 Extdef,L07-1,L18-1,CO SECTOR,U09-1,U21-1,U09-1 U21-1,U21-1 U21-2,U09-1 U21-1 U21-2,U09-1 U21-2 U21-3,U21-1 U21-2 U21-3,U09-1 U21-1 U21-2 U21-3,U09-1 U21-1 L18-1,U09-1 U21-1 U21-2 L18-1,U09-1 U21-1 U21-2 U21-3 L18-1,,,,,,,,,,"EUTRANEXTERNALCELL: MCC=""530"", MNC=""24"", eNodeBId=",nL18_enodeB_ID,", CellId=",nL18_CID,", DlEarfcn=",nDlEarfcn_L18-1,", PhyCellId=",nL18_PhyCellId,", Tac=",nL18_TAC,;{,L07_nodebName,},,,,,,,,,,,,,,,,,
152,1,LTE,LTE,CREATE,ADD,LTE - L18 -> L07 Extdef - CO SECTOR,L18 -> L07 Extdef,L18-1,L07-1,CO SECTOR,U09-1,U21-1,U09-1 U21-1,U21-1 U21-2,U09-1 U21-1 U21-2,U09-1 U21-2 U21-3,U21-1 U21-2 U21-3,U09-1 U21-1 U21-2 U21-3,U09-1 U21-1 L18-1,U09-1 U21-1 U21-2 L18-1,U09-1 U21-1 U21-2 U21-3 L18-1,,,,,,,,,,"EUTRANEXTERNALCELL: MCC=""530"", MNC=""24"", eNodeBId=",nL07_enodeB_ID,", CellId=",nL07_CID,", DlEarfcn=",nDlEarfcn_L07-1,", PhyCellId=",nL07_PhyCellId,", Tac=",nL07_TAC,;{,L18_nodebName,},,,,,,,,,,,,,,,,,
153,1,LTE,LTE,CREATE,ADD,LTE - L07 -> L18 - ADJ CELL,L07 -> L18,L07-1,L18-1,ADJ CELL,U09-1,U21-1,U09-1 U21-1,U21-1 U21-2,U09-1 U21-1 U21-2,U09-1 U21-2 U21-3,U21-1 U21-2 U21-3,U09-1 U21-1 U21-2 U21-3,U09-1 U21-1 L18-1,U09-1 U21-1 U21-2 L18-1,U09-1 U21-1 U21-2 U21-3 L18-1,,,,,,,,,,EUTRANINTERFREQNCELL: LocalCellId=,L07_LocalCellID,", Mcc=""530"", MNC=""24"", eNodeBId=",nL18_enodeB_ID,", CellId=",nL18_CID,", NoHoFlag=PERMIT_HO_ENUM, NoRmvFlag=FORBID_RMV_ENUM, LocalCellName=""",L07_cellName,""", NeighbourCellName= """,nL18_cellName,""";{",L07_nodebName,},,,,,,,,,,,,,,,,,
154,1,LTE,LTE,CREATE,ADD,LTE - L18 -> L07 - ADJ CELL,L18 -> L07,L18-1,L07-1,ADJ CELL,U09-1,U21-1,U09-1 U21-1,U21-1 U21-2,U09-1 U21-1 U21-2,U09-1 U21-2 U21-3,U21-1 U21-2 U21-3,U09-1 U21-1 U21-2 U21-3,U09-1 U21-1 L18-1,U09-1 U21-1 U21-2 L18-1,U09-1 U21-1 U21-2 U21-3 L18-1,,,,,,,,,,EUTRANINTERFREQNCELL: LocalCellId=,L18_LocalCellID,", Mcc=""530"", MNC=""24"", eNodeBId=",nL07_enodeB_ID,", CellId=",nL07_CID,", NoHoFlag=PERMIT_HO_ENUM, NoRmvFlag=FORBID_RMV_ENUM, LocalCellName=""",L18_cellName,""", NeighbourCellName= """,nL07_cellName,""";{",L18_nodebName,},,,,,,,,,,,,,,,,,
155,1,LTE,LTE,CREATE,ADD,LTE - L07 -> L18 - CO SECTOR,L07 -> L18,L07-1,L18-1,CO SECTOR,U09-1,U21-1,U09-1 U21-1,U21-1 U21-2,U09-1 U21-1 U21-2,U09-1 U21-2 U21-3,U21-1 U21-2 U21-3,U09-1 U21-1 U21-2 U21-3,U09-1 U21-1 L18-1,U09-1 U21-1 U21-2 L18-1,U09-1 U21-1 U21-2 U21-3 L18-1,,,,,,,,,,EUTRANINTERFREQNCELL: LocalCellId=,L07_LocalCellID,", Mcc=""530"", MNC=""24"", eNodeBId=",nL18_enodeB_ID,", CellId=",nL18_CID,", NoHoFlag=PERMIT_HO_ENUM, NoRmvFlag=FORBID_RMV_ENUM, LocalCellName=""",L07_cellName,""", NeighbourCellName= """,nL18_cellName,""";{",L07_nodebName,},,,,,,,,,,,,,,,,,
156,1,LTE,LTE,CREATE,ADD,LTE - L18 -> L07 - CO SECTOR,L18 -> L07,L18-1,L07-1,CO SECTOR,U09-1,U21-1,U09-1 U21-1,U21-1 U21-2,U09-1 U21-1 U21-2,U09-1 U21-2 U21-3,U21-1 U21-2 U21-3,U09-1 U21-1 U21-2 U21-3,U09-1 U21-1 L18-1,U09-1 U21-1 U21-2 L18-1,U09-1 U21-1 U21-2 U21-3 L18-1,,,,,,,,,,EUTRANINTERFREQNCELL: LocalCellId=,L18_LocalCellID,", Mcc=""530"", MNC=""24"", eNodeBId=",nL07_enodeB_ID,", CellId=",nL07_CID,", NoHoFlag=PERMIT_HO_ENUM, NoRmvFlag=FORBID_RMV_ENUM, LocalCellName=""",L18_cellName,""", NeighbourCellName= """,nL07_cellName,""";{",L18_nodebName,},,,,,,,,,,,,,,,,,
157,1,LTE,UMTS,IGNORE,ADD,UMTS - U9 -> L07 SIB SWITCH - neighbouring cell - ADJ CELL,U9 -> L07 SIB SWITCH,U09-1,L07-1,ADJ CELL,U09-1,U21-1,U09-1 U21-1,U21-1 U21-2,U09-1 U21-1 U21-2,U09-1 U21-2 U21-3,U21-1 U21-2 U21-3,U09-1 U21-1 U21-2 U21-3,U09-1 U21-1 L18-1,U09-1 U21-1 U21-2 L18-1,U09-1 U21-1 U21-2 U21-3 L18-1,,,,,,,,,,UCELLSIBSWITCH: CellId=,U9_CID,", SibCfgBitMap=SIB19-1;",,{,RNC,},,,,,,,,,,,,,,,,,,,,,,,
158,1,LTE,UMTS,IGNORE,ADD,UMTS - U21-1 -> L07 SIB SWITCH - neighbouring cell - ADJ CELL,U21-1 -> L07 SIB SWITCH,U21-1,L07-1,ADJ CELL,U09-1,U21-1,U09-1 U21-1,U21-1 U21-2,U09-1 U21-1 U21-2,U09-1 U21-2 U21-3,U21-1 U21-2 U21-3,U09-1 U21-1 U21-2 U21-3,U09-1 U21-1 L18-1,U09-1 U21-1 U21-2 L18-1,U09-1 U21-1 U21-2 U21-3 L18-1,,,,,,,,,,UCELLSIBSWITCH: CellId=,U21f1_CID,", SibCfgBitMap=SIB19-1;",,{,RNC,},,,,,,,,,,,,,,,,,,,,,,,
159,1,LTE,UMTS,IGNORE,ADD,UMTS - U21-2 -> L07 SIB SWITCH - neighbouring cell - ADJ CELL,U21-2 -> L07 SIB SWITCH,U21-2,L07-1,ADJ CELL,U09-1,U21-1,U09-1 U21-1,U21-1 U21-2,U09-1 U21-1 U21-2,U09-1 U21-2 U21-3,U21-1 U21-2 U21-3,U09-1 U21-1 U21-2 U21-3,U09-1 U21-1 L18-1,U09-1 U21-1 U21-2 L18-1,U09-1 U21-1 U21-2 U21-3 L18-1,,,,,,,,,,UCELLSIBSWITCH: CellId=,U21f2_CID,", SibCfgBitMap=SIB19-1;",,{,RNC,},,,,,,,,,,,,,,,,,,,,,,,
160,1,LTE,UMTS,IGNORE,ADD,UMTS - U21-3 -> L07 SIB SWITCH - neighbouring cell - ADJ CELL,U21-3 -> L07 SIB SWITCH,U21-3,L07-1,ADJ CELL,U09-1,U21-1,U09-1 U21-1,U21-1 U21-2,U09-1 U21-1 U21-2,U09-1 U21-2 U21-3,U21-1 U21-2 U21-3,U09-1 U21-1 U21-2 U21-3,U09-1 U21-1 L18-1,U09-1 U21-1 U21-2 L18-1,U09-1 U21-1 U21-2 U21-3 L18-1,,,,,,,,,,UCELLSIBSWITCH: CellId=,U21f3_CID,", SibCfgBitMap=SIB19-1;",,{,RNC,},,,,,,,,,,,,,,,,,,,,,,,
161,1,LTE,UMTS,CREATE,ADD,UMTS - U9 -> L07 SIB SWITCH - same cell - CO SECTOR,U9 -> L07 SIB SWITCH,U09-1,L07-1,CO SECTOR,U09-1,U21-1,U09-1 U21-1,U21-1 U21-2,U09-1 U21-1 U21-2,U09-1 U21-2 U21-3,U21-1 U21-2 U21-3,U09-1 U21-1 U21-2 U21-3,U09-1 U21-1 L18-1,U09-1 U21-1 U21-2 L18-1,U09-1 U21-1 U21-2 U21-3 L18-1,,,,,,,,,,UCELLSIBSWITCH: CellId=,U9_CID,", SibCfgBitMap=SIB19-1;",,{,RNC,},,,,,,,,,,,,,,,,,,,,,,,
162,1,LTE,UMTS,CREATE,ADD,UMTS - U21-1 -> L07 SIB SWITCH - same cell - CO SECTOR,U21-1 -> L07 SIB SWITCH,U21-1,L07-1,CO SECTOR,U09-1,U21-1,U09-1 U21-1,U21-1 U21-2,U09-1 U21-1 U21-2,U09-1 U21-2 U21-3,U21-1 U21-2 U21-3,U09-1 U21-1 U21-2 U21-3,U09-1 U21-1 L18-1,U09-1 U21-1 U21-2 L18-1,U09-1 U21-1 U21-2 U21-3 L18-1,,,,,,,,,,UCELLSIBSWITCH: CellId=,U21f1_CID,", SibCfgBitMap=SIB19-1;",,{,RNC,},,,,,,,,,,,,,,,,,,,,,,,
163,1,LTE,UMTS,CREATE,ADD,UMTS - U21-2 -> L07 SIB SWITCH - same cell - CO SECTOR,U21-2 -> L07 SIB SWITCH,U21-2,L07-1,CO SECTOR,U09-1,U21-1,U09-1 U21-1,U21-1 U21-2,U09-1 U21-1 U21-2,U09-1 U21-2 U21-3,U21-1 U21-2 U21-3,U09-1 U21-1 U21-2 U21-3,U09-1 U21-1 L18-1,U09-1 U21-1 U21-2 L18-1,U09-1 U21-1 U21-2 U21-3 L18-1,,,,,,,,,,UCELLSIBSWITCH: CellId=,U21f2_CID,", SibCfgBitMap=SIB19-1;",,{,RNC,},,,,,,,,,,,,,,,,,,,,,,,
164,1,LTE,UMTS,CREATE,ADD,UMTS - U21-3 -> L07 SIB SWITCH - same cell - CO SECTOR,U21-3 -> L07 SIB SWITCH,U21-3,L07-1,CO SECTOR,U09-1,U21-1,U09-1 U21-1,U21-1 U21-2,U09-1 U21-1 U21-2,U09-1 U21-2 U21-3,U21-1 U21-2 U21-3,U09-1 U21-1 U21-2 U21-3,U09-1 U21-1 L18-1,U09-1 U21-1 U21-2 L18-1,U09-1 U21-1 U21-2 U21-3 L18-1,,,,,,,,,,UCELLSIBSWITCH: CellId=,U21f3_CID,", SibCfgBitMap=SIB19-1;",,{,RNC,},,,,,,,,,,,,,,,,,,,,,,,
165,1,LTE,UMTS,IGNORE,MOD,UMTS MOD - U9 -> L07 SIB SWITCH - neighbouring cell - ADJ CELL,U9 -> L07 SIB SWITCH,U09-1,L07-1,ADJ CELL,U09-1,U21-1,U09-1 U21-1,U21-1 U21-2,U09-1 U21-1 U21-2,U09-1 U21-2 U21-3,U21-1 U21-2 U21-3,U09-1 U21-1 U21-2 U21-3,U09-1 U21-1 L18-1,U09-1 U21-1 U21-2 L18-1,U09-1 U21-1 U21-2 U21-3 L18-1,,,,,,,,,,UCELLSIBSWITCH: CellId=,U9_CID,", SibCfgBitMap=SIB19-1;",,{,RNC,},,,,,,,,,,,,,,,,,,,,,,,
166,1,LTE,UMTS,IGNORE,MOD,UMTS MOD - U21-1 -> L07 SIB SWITCH - neighbouring cell - ADJ CELL,U21-1 -> L07 SIB SWITCH,U21-1,L07-1,ADJ CELL,U09-1,U21-1,U09-1 U21-1,U21-1 U21-2,U09-1 U21-1 U21-2,U09-1 U21-2 U21-3,U21-1 U21-2 U21-3,U09-1 U21-1 U21-2 U21-3,U09-1 U21-1 L18-1,U09-1 U21-1 U21-2 L18-1,U09-1 U21-1 U21-2 U21-3 L18-1,,,,,,,,,,UCELLSIBSWITCH: CellId=,U21f1_CID,", SibCfgBitMap=SIB19-1;",,{,RNC,},,,,,,,,,,,,,,,,,,,,,,,
167,1,LTE,UMTS,IGNORE,MOD,UMTS MOD - U21-2 -> L07 SIB SWITCH - neighbouring cell - ADJ CELL,U21-2 -> L07 SIB SWITCH,U21-2,L07-1,ADJ CELL,U09-1,U21-1,U09-1 U21-1,U21-1 U21-2,U09-1 U21-1 U21-2,U09-1 U21-2 U21-3,U21-1 U21-2 U21-3,U09-1 U21-1 U21-2 U21-3,U09-1 U21-1 L18-1,U09-1 U21-1 U21-2 L18-1,U09-1 U21-1 U21-2 U21-3 L18-1,,,,,,,,,,UCELLSIBSWITCH: CellId=,U21f2_CID,", SibCfgBitMap=SIB19-1;",,{,RNC,},,,,,,,,,,,,,,,,,,,,,,,
168,1,LTE,UMTS,IGNORE,MOD,UMTS MOD - U21-3 -> L07 SIB SWITCH - neighbouring cell - ADJ CELL,U21-3 -> L07 SIB SWITCH,U21-3,L07-1,ADJ CELL,U09-1,U21-1,U09-1 U21-1,U21-1 U21-2,U09-1 U21-1 U21-2,U09-1 U21-2 U21-3,U21-1 U21-2 U21-3,U09-1 U21-1 U21-2 U21-3,U09-1 U21-1 L18-1,U09-1 U21-1 U21-2 L18-1,U09-1 U21-1 U21-2 U21-3 L18-1,,,,,,,,,,UCELLSIBSWITCH: CellId=,U21f3_CID,", SibCfgBitMap=SIB19-1;",,{,RNC,},,,,,,,,,,,,,,,,,,,,,,,
169,1,LTE,UMTS,CREATE,MOD,UMTS MOD - U9 -> L07 SIB SWITCH - same cell - CO SECTOR,U9 -> L07 SIB SWITCH,U09-1,L07-1,CO SECTOR,U09-1,U21-1,U09-1 U21-1,U21-1 U21-2,U09-1 U21-1 U21-2,U09-1 U21-2 U21-3,U21-1 U21-2 U21-3,U09-1 U21-1 U21-2 U21-3,U09-1 U21-1 L18-1,U09-1 U21-1 U21-2 L18-1,U09-1 U21-1 U21-2 U21-3 L18-1,,,,,,,,,,UCELLSIBSWITCH: CellId=,U9_CID,", SibCfgBitMap=SIB19-1;",,{,RNC,},,,,,,,,,,,,,,,,,,,,,,,
170,1,LTE,UMTS,CREATE,MOD,UMTS MOD - U21-1 -> L07 SIB SWITCH - same cell - CO SECTOR,U21-1 -> L07 SIB SWITCH,U21-1,L07-1,CO SECTOR,U09-1,U21-1,U09-1 U21-1,U21-1 U21-2,U09-1 U21-1 U21-2,U09-1 U21-2 U21-3,U21-1 U21-2 U21-3,U09-1 U21-1 U21-2 U21-3,U09-1 U21-1 L18-1,U09-1 U21-1 U21-2 L18-1,U09-1 U21-1 U21-2 U21-3 L18-1,,,,,,,,,,UCELLSIBSWITCH: CellId=,U21f1_CID,", SibCfgBitMap=SIB19-1;",,{,RNC,},,,,,,,,,,,,,,,,,,,,,,,
171,1,LTE,UMTS,CREATE,MOD,UMTS MOD - U21-2 -> L07 SIB SWITCH - same cell - CO SECTOR,U21-2 -> L07 SIB SWITCH,U21-2,L07-1,CO SECTOR,U09-1,U21-1,U09-1 U21-1,U21-1 U21-2,U09-1 U21-1 U21-2,U09-1 U21-2 U21-3,U21-1 U21-2 U21-3,U09-1 U21-1 U21-2 U21-3,U09-1 U21-1 L18-1,U09-1 U21-1 U21-2 L18-1,U09-1 U21-1 U21-2 U21-3 L18-1,,,,,,,,,,UCELLSIBSWITCH: CellId=,U21f2_CID,", SibCfgBitMap=SIB19-1;",,{,RNC,},,,,,,,,,,,,,,,,,,,,,,,
172,1,LTE,UMTS,CREATE,MOD,UMTS MOD - U21-3 -> L07 SIB SWITCH - same cell - CO SECTOR,U21-3 -> L07 SIB SWITCH,U21-3,L07-1,CO SECTOR,U09-1,U21-1,U09-1 U21-1,U21-1 U21-2,U09-1 U21-1 U21-2,U09-1 U21-2 U21-3,U21-1 U21-2 U21-3,U09-1 U21-1 U21-2 U21-3,U09-1 U21-1 L18-1,U09-1 U21-1 U21-2 L18-1,U09-1 U21-1 U21-2 U21-3 L18-1,,,,,,,,,,UCELLSIBSWITCH: CellId=,U21f3_CID,", SibCfgBitMap=SIB19-1;",,{,RNC,},,,,,,,,,,,,,,,,,,,,,,,
173,1,LTE,UMTS,IGNORE,ADD,UMTS - U9 -> L07 UCELLNFREQPRIOINFO - neighbouring cell - ADJ CELL,U9 -> L07 UCELLNFREQPRIOINFO,U09-1,L07-1,ADJ CELL,U09-1,U21-1,U09-1 U21-1,U21-1 U21-2,U09-1 U21-1 U21-2,U09-1 U21-2 U21-3,U21-1 U21-2 U21-3,U09-1 U21-1 U21-2 U21-3,U09-1 U21-1 L18-1,U09-1 U21-1 U21-2 L18-1,U09-1 U21-1 U21-2 U21-3 L18-1,,,,,,,,,,UCELLNFREQPRIOINFO: CellId=,U9_CID,",EARFCN=9610,NPRIORITY=7,THDTOHIGH=8,THDTOLOW=2,EMEASBW=D50,EQRXLEVMIN=-64,EDETECTIND=TRUE;",,{,RNC,},,,,,,,,,,,,,,,,,,,,,,,
174,1,LTE,UMTS,IGNORE,ADD,UMTS - U21-1 -> L07 UCELLNFREQPRIOINFO - neighbouring cell - ADJ CELL,U21-1 -> L07 UCELLNFREQPRIOINFO,U21-1,L07-1,ADJ CELL,U09-1,U21-1,U09-1 U21-1,U21-1 U21-2,U09-1 U21-1 U21-2,U09-1 U21-2 U21-3,U21-1 U21-2 U21-3,U09-1 U21-1 U21-2 U21-3,U09-1 U21-1 L18-1,U09-1 U21-1 U21-2 L18-1,U09-1 U21-1 U21-2 U21-3 L18-1,,,,,,,,,,UCELLNFREQPRIOINFO: CellId=,U21f1_CID,",EARFCN=9610,NPRIORITY=7,THDTOHIGH=8,THDTOLOW=2,EMEASBW=D50,EQRXLEVMIN=-64,EDETECTIND=TRUE;",,{,RNC,},,,,,,,,,,,,,,,,,,,,,,,
175,1,LTE,UMTS,IGNORE,ADD,UMTS - U21-2 -> L07 UCELLNFREQPRIOINFO - neighbouring cell - ADJ CELL,U21-2 -> L07 UCELLNFREQPRIOINFO,U21-2,L07-1,ADJ CELL,U09-1,U21-1,U09-1 U21-1,U21-1 U21-2,U09-1 U21-1 U21-2,U09-1 U21-2 U21-3,U21-1 U21-2 U21-3,U09-1 U21-1 U21-2 U21-3,U09-1 U21-1 L18-1,U09-1 U21-1 U21-2 L18-1,U09-1 U21-1 U21-2 U21-3 L18-1,,,,,,,,,,UCELLNFREQPRIOINFO: CellId=,U21f2_CID,",EARFCN=9610,NPRIORITY=7,THDTOHIGH=8,THDTOLOW=2,EMEASBW=D50,EQRXLEVMIN=-64,EDETECTIND=TRUE;",,{,RNC,},,,,,,,,,,,,,,,,,,,,,,,
176,1,LTE,UMTS,IGNORE,ADD,UMTS - U21-3-> L07 UCELLNFREQPRIOINFO - neighbouring cell - ADJ CELL,U21-3-> L07 UCELLNFREQPRIOINFO,U21-3,L07-1,ADJ CELL,U09-1,U21-1,U09-1 U21-1,U21-1 U21-2,U09-1 U21-1 U21-2,U09-1 U21-2 U21-3,U21-1 U21-2 U21-3,U09-1 U21-1 U21-2 U21-3,U09-1 U21-1 L18-1,U09-1 U21-1 U21-2 L18-1,U09-1 U21-1 U21-2 U21-3 L18-1,,,,,,,,,,UCELLNFREQPRIOINFO: CellId=,U21f3_CID,",EARFCN=9610,NPRIORITY=7,THDTOHIGH=8,THDTOLOW=2,EMEASBW=D50,EQRXLEVMIN=-64,EDETECTIND=TRUE;",,{,RNC,},,,,,,,,,,,,,,,,,,,,,,,
177,1,LTE,UMTS,CREATE,ADD,UMTS - U9 -> L07 UCELLNFREQPRIOINFO - same cell - CO SECTOR,U9 -> L07 UCELLNFREQPRIOINFO,U09-1,L07-1,CO SECTOR,U09-1,U21-1,U09-1 U21-1,U21-1 U21-2,U09-1 U21-1 U21-2,U09-1 U21-2 U21-3,U21-1 U21-2 U21-3,U09-1 U21-1 U21-2 U21-3,U09-1 U21-1 L18-1,U09-1 U21-1 U21-2 L18-1,U09-1 U21-1 U21-2 U21-3 L18-1,,,,,,,,,,UCELLNFREQPRIOINFO: CellId=,U9_CID,",EARFCN=9610,NPRIORITY=7,THDTOHIGH=8,THDTOLOW=2,EMEASBW=D50,EQRXLEVMIN=-64,EDETECTIND=TRUE;",,{,RNC,},,,,,,,,,,,,,,,,,,,,,,,
178,1,LTE,UMTS,CREATE,ADD,UMTS - U21-1 -> L07 UCELLNFREQPRIOINFO - same cell - CO SECTOR,U21-1 -> L07 UCELLNFREQPRIOINFO,U21-1,L07-1,CO SECTOR,U09-1,U21-1,U09-1 U21-1,U21-1 U21-2,U09-1 U21-1 U21-2,U09-1 U21-2 U21-3,U21-1 U21-2 U21-3,U09-1 U21-1 U21-2 U21-3,U09-1 U21-1 L18-1,U09-1 U21-1 U21-2 L18-1,U09-1 U21-1 U21-2 U21-3 L18-1,,,,,,,,,,UCELLNFREQPRIOINFO: CellId=,U21f1_CID,",EARFCN=9610,NPRIORITY=7,THDTOHIGH=8,THDTOLOW=2,EMEASBW=D50,EQRXLEVMIN=-64,EDETECTIND=TRUE;",,{,RNC,},,,,,,,,,,,,,,,,,,,,,,,
179,1,LTE,UMTS,CREATE,ADD,UMTS - U21-2 -> L07 UCELLNFREQPRIOINFO - same cell - CO SECTOR,U21-2 -> L07 UCELLNFREQPRIOINFO,U21-2,L07-1,CO SECTOR,U09-1,U21-1,U09-1 U21-1,U21-1 U21-2,U09-1 U21-1 U21-2,U09-1 U21-2 U21-3,U21-1 U21-2 U21-3,U09-1 U21-1 U21-2 U21-3,U09-1 U21-1 L18-1,U09-1 U21-1 U21-2 L18-1,U09-1 U21-1 U21-2 U21-3 L18-1,,,,,,,,,,UCELLNFREQPRIOINFO: CellId=,U21f2_CID,",EARFCN=9610,NPRIORITY=7,THDTOHIGH=8,THDTOLOW=2,EMEASBW=D50,EQRXLEVMIN=-64,EDETECTIND=TRUE;",,{,RNC,},,,,,,,,,,,,,,,,,,,,,,,
180,1,LTE,UMTS,CREATE,ADD,UMTS - U21-3-> L07 UCELLNFREQPRIOINFO - same cell  - CO SECTOR,U21-3-> L07 UCELLNFREQPRIOINFO,U21-3,L07-1,CO SECTOR,U09-1,U21-1,U09-1 U21-1,U21-1 U21-2,U09-1 U21-1 U21-2,U09-1 U21-2 U21-3,U21-1 U21-2 U21-3,U09-1 U21-1 U21-2 U21-3,U09-1 U21-1 L18-1,U09-1 U21-1 U21-2 L18-1,U09-1 U21-1 U21-2 U21-3 L18-1,,,,,,,,,,UCELLNFREQPRIOINFO: CellId=,U21f3_CID,",EARFCN=9610,NPRIORITY=7,THDTOHIGH=8,THDTOLOW=2,EMEASBW=D50,EQRXLEVMIN=-64,EDETECTIND=TRUE;",,{,RNC,},,,,,,,,,,,,,,,,,,,,,,,
181,1,LTE,UMTS,IGNORE,MOD,UMTS MOD - U9 -> L07 UCELLNFREQPRIOINFO - neighbouring cell - ADJ CELL,U9 -> L07 UCELLNFREQPRIOINFO,U09-1,L07-1,ADJ CELL,U09-1,U21-1,U09-1 U21-1,U21-1 U21-2,U09-1 U21-1 U21-2,U09-1 U21-2 U21-3,U21-1 U21-2 U21-3,U09-1 U21-1 U21-2 U21-3,U09-1 U21-1 L18-1,U09-1 U21-1 U21-2 L18-1,U09-1 U21-1 U21-2 U21-3 L18-1,,,,,,,,,,UCELLNFREQPRIOINFO: CellId=,U9_CID,",EARFCN=9610,NPRIORITY=7,THDTOHIGH=8,THDTOLOW=2,EMEASBW=D50,EQRXLEVMIN=-64,EDETECTIND=TRUE;",,{,RNC,},,,,,,,,,,,,,,,,,,,,,,,
182,1,LTE,UMTS,IGNORE,MOD,UMTS MOD - U21-1 -> L07 UCELLNFREQPRIOINFO - neighbouring cell - ADJ CELL,U21-1 -> L07 UCELLNFREQPRIOINFO,U21-1,L07-1,ADJ CELL,U09-1,U21-1,U09-1 U21-1,U21-1 U21-2,U09-1 U21-1 U21-2,U09-1 U21-2 U21-3,U21-1 U21-2 U21-3,U09-1 U21-1 U21-2 U21-3,U09-1 U21-1 L18-1,U09-1 U21-1 U21-2 L18-1,U09-1 U21-1 U21-2 U21-3 L18-1,,,,,,,,,,UCELLNFREQPRIOINFO: CellId=,U21f1_CID,",EARFCN=9610,NPRIORITY=7,THDTOHIGH=8,THDTOLOW=2,EMEASBW=D50,EQRXLEVMIN=-64,EDETECTIND=TRUE;",,{,RNC,},,,,,,,,,,,,,,,,,,,,,,,
183,1,LTE,UMTS,IGNORE,MOD,UMTS MOD - U21-2 -> L07 UCELLNFREQPRIOINFO - neighbouring cell - ADJ CELL,U21-2 -> L07 UCELLNFREQPRIOINFO,U21-2,L07-1,ADJ CELL,U09-1,U21-1,U09-1 U21-1,U21-1 U21-2,U09-1 U21-1 U21-2,U09-1 U21-2 U21-3,U21-1 U21-2 U21-3,U09-1 U21-1 U21-2 U21-3,U09-1 U21-1 L18-1,U09-1 U21-1 U21-2 L18-1,U09-1 U21-1 U21-2 U21-3 L18-1,,,,,,,,,,UCELLNFREQPRIOINFO: CellId=,U21f2_CID,",EARFCN=9610,NPRIORITY=7,THDTOHIGH=8,THDTOLOW=2,EMEASBW=D50,EQRXLEVMIN=-64,EDETECTIND=TRUE;",,{,RNC,},,,,,,,,,,,,,,,,,,,,,,,
184,1,LTE,UMTS,IGNORE,MOD,UMTS MOD - U21-3-> L07 UCELLNFREQPRIOINFO - neighbouring cell - ADJ CELL,U21-3-> L07 UCELLNFREQPRIOINFO,U21-3,L07-1,ADJ CELL,U09-1,U21-1,U09-1 U21-1,U21-1 U21-2,U09-1 U21-1 U21-2,U09-1 U21-2 U21-3,U21-1 U21-2 U21-3,U09-1 U21-1 U21-2 U21-3,U09-1 U21-1 L18-1,U09-1 U21-1 U21-2 L18-1,U09-1 U21-1 U21-2 U21-3 L18-1,,,,,,,,,,UCELLNFREQPRIOINFO: CellId=,U21f3_CID,",EARFCN=9610,NPRIORITY=7,THDTOHIGH=8,THDTOLOW=2,EMEASBW=D50,EQRXLEVMIN=-64,EDETECTIND=TRUE;",,{,RNC,},,,,,,,,,,,,,,,,,,,,,,,
185,1,LTE,UMTS,CREATE,MOD,UMTS MOD - U9 -> L07 UCELLNFREQPRIOINFO - same cell - CO SECTOR,U9 -> L07 UCELLNFREQPRIOINFO,U09-1,L07-1,CO SECTOR,U09-1,U21-1,U09-1 U21-1,U21-1 U21-2,U09-1 U21-1 U21-2,U09-1 U21-2 U21-3,U21-1 U21-2 U21-3,U09-1 U21-1 U21-2 U21-3,U09-1 U21-1 L18-1,U09-1 U21-1 U21-2 L18-1,U09-1 U21-1 U21-2 U21-3 L18-1,,,,,,,,,,UCELLNFREQPRIOINFO: CellId=,U9_CID,",EARFCN=9610,NPRIORITY=7,THDTOHIGH=8,THDTOLOW=2,EMEASBW=D50,EQRXLEVMIN=-64,EDETECTIND=TRUE;",,{,RNC,},,,,,,,,,,,,,,,,,,,,,,,
186,1,LTE,UMTS,CREATE,MOD,UMTS MOD - U21-1 -> L07 UCELLNFREQPRIOINFO - same cell - CO SECTOR,U21-1 -> L07 UCELLNFREQPRIOINFO,U21-1,L07-1,CO SECTOR,U09-1,U21-1,U09-1 U21-1,U21-1 U21-2,U09-1 U21-1 U21-2,U09-1 U21-2 U21-3,U21-1 U21-2 U21-3,U09-1 U21-1 U21-2 U21-3,U09-1 U21-1 L18-1,U09-1 U21-1 U21-2 L18-1,U09-1 U21-1 U21-2 U21-3 L18-1,,,,,,,,,,UCELLNFREQPRIOINFO: CellId=,U21f1_CID,",EARFCN=9610,NPRIORITY=7,THDTOHIGH=8,THDTOLOW=2,EMEASBW=D50,EQRXLEVMIN=-64,EDETECTIND=TRUE;",,{,RNC,},,,,,,,,,,,,,,,,,,,,,,,
187,1,LTE,UMTS,CREATE,MOD,UMTS MOD - U21-2 -> L07 UCELLNFREQPRIOINFO - same cell - CO SECTOR,U21-2 -> L07 UCELLNFREQPRIOINFO,U21-2,L07-1,CO SECTOR,U09-1,U21-1,U09-1 U21-1,U21-1 U21-2,U09-1 U21-1 U21-2,U09-1 U21-2 U21-3,U21-1 U21-2 U21-3,U09-1 U21-1 U21-2 U21-3,U09-1 U21-1 L18-1,U09-1 U21-1 U21-2 L18-1,U09-1 U21-1 U21-2 U21-3 L18-1,,,,,,,,,,UCELLNFREQPRIOINFO: CellId=,U21f2_CID,",EARFCN=9610,NPRIORITY=7,THDTOHIGH=8,THDTOLOW=2,EMEASBW=D50,EQRXLEVMIN=-64,EDETECTIND=TRUE;",,{,RNC,},,,,,,,,,,,,,,,,,,,,,,,
188,1,LTE,UMTS,CREATE,MOD,UMTS MOD - U21-3-> L07 UCELLNFREQPRIOINFO - same cell - CO SECTOR,U21-3-> L07 UCELLNFREQPRIOINFO,U21-3,L07-1,CO SECTOR,U09-1,U21-1,U09-1 U21-1,U21-1 U21-2,U09-1 U21-1 U21-2,U09-1 U21-2 U21-3,U21-1 U21-2 U21-3,U09-1 U21-1 U21-2 U21-3,U09-1 U21-1 L18-1,U09-1 U21-1 U21-2 L18-1,U09-1 U21-1 U21-2 U21-3 L18-1,,,,,,,,,,UCELLNFREQPRIOINFO: CellId=,U21f3_CID,",EARFCN=9610,NPRIORITY=7,THDTOHIGH=8,THDTOLOW=2,EMEASBW=D50,EQRXLEVMIN=-64,EDETECTIND=TRUE;",,{,RNC,},,,,,,,,,,,,,,,,,,,,,,,
